{"v":"5.7.3","fr":60,"ip":0,"op":361,"w":1000,"h":1000,"nm":"Bot02","ddd":0,"assets":[{"id":"comp_0","layers":[{"ddd":0,"ind":1,"ty":4,"nm":"Shape Layer 3","sr":1,"ks":{"o":{"a":0,"k":100,"ix":11},"r":{"a":0,"k":0,"ix":10},"p":{"a":0,"k":[500,500,0],"ix":2},"a":{"a":0,"k":[0,0,0],"ix":1},"s":{"a":0,"k":[100,100,100],"ix":6}},"ao":0,"shapes":[{"ty":"gr","it":[{"ind":0,"ty":"sh","ix":1,"ks":{"a":0,"k":{"i":[[0,0],[0,0]],"o":[[0,0],[0,0]],"v":[[-91,-55],[-3,-55]],"c":false},"ix":2},"nm":"Path 1","mn":"ADBE Vector Shape - Group","hd":false},{"ind":1,"ty":"sh","ix":2,"ks":{"a":0,"k":{"i":[[0,0],[0,0]],"o":[[0,0],[0,0]],"v":[[-91,-15],[94,-15]],"c":false},"ix":2},"nm":"Path 2","mn":"ADBE Vector Shape - Group","hd":false},{"ind":2,"ty":"sh","ix":3,"ks":{"a":0,"k":{"i":[[0,0],[0,0]],"o":[[0,0],[0,0]],"v":[[-91,25],[94,25]],"c":false},"ix":2},"nm":"Path 3","mn":"ADBE Vector Shape - Group","hd":false},{"ind":3,"ty":"sh","ix":4,"ks":{"a":0,"k":{"i":[[0,0],[0,0]],"o":[[0,0],[0,0]],"v":[[-91,65],[94,65]],"c":false},"ix":2},"nm":"Path 4","mn":"ADBE Vector Shape - Group","hd":false},{"ty":"tm","s":{"a":1,"k":[{"i":{"x":[0.667],"y":[1]},"o":{"x":[0.333],"y":[0]},"t":798,"s":[0]},{"i":{"x":[0.667],"y":[1]},"o":{"x":[0.333],"y":[0]},"t":852.693,"s":[0]},{"i":{"x":[0.667],"y":[1]},"o":{"x":[0.333],"y":[0]},"t":905.199,"s":[100]},{"i":{"x":[0.667],"y":[1]},"o":{"x":[0.333],"y":[0]},"t":906.291,"s":[0]},{"i":{"x":[0.667],"y":[1]},"o":{"x":[0.333],"y":[0]},"t":960.986,"s":[0]},{"t":1013.490234375,"s":[100]}],"ix":1},"e":{"a":1,"k":[{"i":{"x":[0.667],"y":[1]},"o":{"x":[0.333],"y":[0]},"t":798,"s":[0]},{"i":{"x":[0.667],"y":[1]},"o":{"x":[0.333],"y":[0]},"t":852.693,"s":[100]},{"i":{"x":[0.667],"y":[1]},"o":{"x":[0.333],"y":[0]},"t":905.199,"s":[100]},{"i":{"x":[0.667],"y":[1]},"o":{"x":[0.333],"y":[0]},"t":906.291,"s":[0]},{"i":{"x":[0.667],"y":[1]},"o":{"x":[0.333],"y":[0]},"t":960.986,"s":[100]},{"t":1013.490234375,"s":[100]}],"ix":2},"o":{"a":0,"k":0,"ix":3},"m":2,"ix":5,"nm":"Trim Paths 1","mn":"ADBE Vector Filter - Trim","hd":false},{"ty":"st","c":{"a":0,"k":[0.29411765933,0.929411828518,0.870588302612,1],"ix":3},"o":{"a":0,"k":100,"ix":4},"w":{"a":0,"k":15,"ix":5},"lc":2,"lj":2,"bm":0,"nm":"Stroke 1","mn":"ADBE Vector Graphic - Stroke","hd":false},{"ty":"tr","p":{"a":0,"k":[0,0],"ix":2},"a":{"a":0,"k":[0,0],"ix":1},"s":{"a":0,"k":[100,100],"ix":3},"r":{"a":0,"k":0,"ix":6},"o":{"a":0,"k":100,"ix":7},"sk":{"a":0,"k":0,"ix":4},"sa":{"a":0,"k":0,"ix":5},"nm":"Transform"}],"nm":"Shape 2","np":6,"cix":2,"bm":0,"ix":1,"mn":"ADBE Vector Group","hd":false},{"ty":"gr","it":[{"ind":0,"ty":"sh","ix":1,"ks":{"a":0,"k":{"i":[[0,0],[0,0]],"o":[[0,0],[0,0]],"v":[[-91,-55],[-3,-55]],"c":false},"ix":2},"nm":"Path 1","mn":"ADBE Vector Shape - Group","hd":false},{"ind":1,"ty":"sh","ix":2,"ks":{"a":0,"k":{"i":[[0,0],[0,0]],"o":[[0,0],[0,0]],"v":[[-91,-15],[94,-15]],"c":false},"ix":2},"nm":"Path 2","mn":"ADBE Vector Shape - Group","hd":false},{"ind":2,"ty":"sh","ix":3,"ks":{"a":0,"k":{"i":[[0,0],[0,0]],"o":[[0,0],[0,0]],"v":[[-91,25],[94,25]],"c":false},"ix":2},"nm":"Path 3","mn":"ADBE Vector Shape - Group","hd":false},{"ind":3,"ty":"sh","ix":4,"ks":{"a":0,"k":{"i":[[0,0],[0,0]],"o":[[0,0],[0,0]],"v":[[-91,65],[94,65]],"c":false},"ix":2},"nm":"Path 4","mn":"ADBE Vector Shape - Group","hd":false},{"ty":"st","c":{"a":0,"k":[0.306066900492,0.323098033667,0.419607847929,1],"ix":3},"o":{"a":0,"k":100,"ix":4},"w":{"a":0,"k":15,"ix":5},"lc":2,"lj":2,"bm":0,"nm":"Stroke 1","mn":"ADBE Vector Graphic - Stroke","hd":false},{"ty":"tr","p":{"a":0,"k":[0,0],"ix":2},"a":{"a":0,"k":[0,0],"ix":1},"s":{"a":0,"k":[100,100],"ix":3},"r":{"a":0,"k":0,"ix":6},"o":{"a":0,"k":100,"ix":7},"sk":{"a":0,"k":0,"ix":4},"sa":{"a":0,"k":0,"ix":5},"nm":"Transform"}],"nm":"Shape 1","np":5,"cix":2,"bm":0,"ix":2,"mn":"ADBE Vector Group","hd":false}],"ip":796,"op":1017,"st":47,"bm":0},{"ddd":0,"ind":2,"ty":4,"nm":"Shape Layer 2","sr":1,"ks":{"o":{"a":0,"k":100,"ix":11},"r":{"a":1,"k":[{"i":{"x":[0],"y":[1]},"o":{"x":[0.333],"y":[0]},"t":62,"s":[0]},{"i":{"x":[0.672],"y":[1]},"o":{"x":[0.167],"y":[0]},"t":98,"s":[0]},{"i":{"x":[0],"y":[1]},"o":{"x":[0.333],"y":[0]},"t":423,"s":[0]},{"i":{"x":[0.833],"y":[1]},"o":{"x":[0.167],"y":[0]},"t":445,"s":[-7]},{"i":{"x":[0.27],"y":[1]},"o":{"x":[0.167],"y":[0]},"t":695,"s":[-7]},{"i":{"x":[0.833],"y":[1]},"o":{"x":[0.167],"y":[0]},"t":719,"s":[0]},{"i":{"x":[0.833],"y":[1]},"o":{"x":[0.167],"y":[0]},"t":1191,"s":[0]},{"i":{"x":[0.833],"y":[1]},"o":{"x":[0.167],"y":[0]},"t":1485,"s":[0]},{"i":{"x":[0.833],"y":[1]},"o":{"x":[0.167],"y":[0]},"t":1560,"s":[0]},{"i":{"x":[0],"y":[1]},"o":{"x":[0.209],"y":[0]},"t":1603,"s":[0]},{"i":{"x":[0],"y":[1]},"o":{"x":[0.333],"y":[0]},"t":1662,"s":[0]},{"t":1910,"s":[0]}],"ix":10},"p":{"a":1,"k":[{"i":{"x":0,"y":1},"o":{"x":0.333,"y":0},"t":62,"s":[499,686,0],"to":[0,-1.833,0],"ti":[0,0,0]},{"i":{"x":0,"y":0},"o":{"x":0.167,"y":0.167},"t":98,"s":[499,675,0],"to":[0,0,0],"ti":[0,0,0]},{"i":{"x":0,"y":1},"o":{"x":0.167,"y":0},"t":226,"s":[499,675,0],"to":[0,0,0],"ti":[0,0,0]},{"i":{"x":0,"y":1},"o":{"x":0.167,"y":0},"t":236.545,"s":[499,678,0],"to":[0,0,0],"ti":[0,0,0]},{"i":{"x":0.678,"y":0.678},"o":{"x":0.167,"y":0.167},"t":259,"s":[499,675,0],"to":[0,0,0],"ti":[0,0,0]},{"i":{"x":0,"y":0},"o":{"x":0.333,"y":0.333},"t":423,"s":[499,675,0],"to":[0,0,0],"ti":[0,0,0]},{"i":{"x":0,"y":0},"o":{"x":0.167,"y":0.167},"t":445,"s":[499,675,0],"to":[0,0,0],"ti":[0,0,0]},{"i":{"x":0.27,"y":0.27},"o":{"x":0.167,"y":0.167},"t":695,"s":[499,675,0],"to":[0,0,0],"ti":[0,0,0]},{"i":{"x":0.27,"y":0.27},"o":{"x":0.167,"y":0.167},"t":719,"s":[499,675,0],"to":[0,0,0],"ti":[0,0,0]},{"i":{"x":0.27,"y":0.27},"o":{"x":0.167,"y":0.167},"t":1191,"s":[499,675,0],"to":[0,0,0],"ti":[0,0,0]},{"i":{"x":0.27,"y":0.27},"o":{"x":0.167,"y":0.167},"t":1485,"s":[499,675,0],"to":[0,0,0],"ti":[0,0,0]},{"i":{"x":0.27,"y":0.27},"o":{"x":0.167,"y":0.167},"t":1560,"s":[499,675,0],"to":[0,0,0],"ti":[0,0,0]},{"i":{"x":0.833,"y":0.904},"o":{"x":0.636,"y":0},"t":1603,"s":[499,675,0],"to":[0,0,0],"ti":[0,0,0]},{"i":{"x":0.399,"y":1},"o":{"x":0.167,"y":0.237},"t":1620,"s":[499,690,0],"to":[0,0,0],"ti":[0,0,0]},{"i":{"x":0,"y":0},"o":{"x":0.333,"y":0.333},"t":1662,"s":[499,675,0],"to":[0,0,0],"ti":[0,0,0]},{"t":1910,"s":[499,675,0]}],"ix":2},"a":{"a":0,"k":[-1,175,0],"ix":1},"s":{"a":0,"k":[100,100,100],"ix":6}},"ao":0,"shapes":[{"ty":"gr","it":[{"ty":"gr","it":[{"ty":"rc","d":1,"s":{"a":0,"k":[328,270],"ix":2},"p":{"a":0,"k":[0,0],"ix":3},"r":{"a":0,"k":87,"ix":4},"nm":"Rectangle Path 1","mn":"ADBE Vector Shape - Rect","hd":false},{"ty":"st","c":{"a":0,"k":[0.933333396912,0.937254965305,0.945098102093,1],"ix":3},"o":{"a":0,"k":100,"ix":4},"w":{"a":0,"k":41,"ix":5},"lc":1,"lj":1,"ml":4,"bm":0,"nm":"Stroke 1","mn":"ADBE Vector Graphic - Stroke","hd":false},{"ty":"tr","p":{"a":0,"k":[-2,-1],"ix":2},"a":{"a":0,"k":[0,0],"ix":1},"s":{"a":0,"k":[100,100],"ix":3},"r":{"a":0,"k":0,"ix":6},"o":{"a":0,"k":100,"ix":7},"sk":{"a":0,"k":0,"ix":4},"sa":{"a":0,"k":0,"ix":5},"nm":"Transform"}],"nm":"Rectangle 2","np":2,"cix":2,"bm":0,"ix":1,"mn":"ADBE Vector Group","hd":false},{"ty":"gr","it":[{"ty":"rc","d":1,"s":{"a":0,"k":[328,270],"ix":2},"p":{"a":0,"k":[0,0],"ix":3},"r":{"a":0,"k":87,"ix":4},"nm":"Rectangle Path 1","mn":"ADBE Vector Shape - Rect","hd":false},{"ty":"st","c":{"a":0,"k":[0.819607913494,0.827451050282,0.835294187069,1],"ix":3},"o":{"a":0,"k":100,"ix":4},"w":{"a":0,"k":41,"ix":5},"lc":1,"lj":1,"ml":4,"bm":0,"nm":"Stroke 1","mn":"ADBE Vector Graphic - Stroke","hd":false},{"ty":"tr","p":{"a":0,"k":[-2,15],"ix":2},"a":{"a":0,"k":[0,0],"ix":1},"s":{"a":0,"k":[100,100],"ix":3},"r":{"a":0,"k":0,"ix":6},"o":{"a":0,"k":100,"ix":7},"sk":{"a":0,"k":0,"ix":4},"sa":{"a":0,"k":0,"ix":5},"nm":"Transform"}],"nm":"Rectangle 3","np":2,"cix":2,"bm":0,"ix":2,"mn":"ADBE Vector Group","hd":false},{"ty":"gr","it":[{"ind":0,"ty":"sh","ix":1,"ks":{"a":1,"k":[{"i":{"x":0,"y":1},"o":{"x":0.333,"y":0},"t":23,"s":[{"i":[[-13.25,-0.245],[0,-7.87],[7.87,0],[0,7.87]],"o":[[13.5,0.25],[0,7.87],[-7.87,0],[0,-7.87]],"v":[[57,-22.5],[71.25,-34],[57,-19.75],[42.75,-34]],"c":true}]},{"i":{"x":0,"y":1},"o":{"x":0.167,"y":0.167},"t":49,"s":[{"i":[[-9.593,-0.079],[0,-7.87],[7.87,0],[0,7.87]],"o":[[9.673,0.08],[0,7.87],[-7.87,0],[0,-7.87]],"v":[[57,-40.005],[71.25,-34],[57,-19.75],[42.75,-34]],"c":true}]},{"i":{"x":0,"y":1},"o":{"x":0.167,"y":0},"t":57,"s":[{"i":[[-7.87,0],[0,-7.87],[7.87,0],[0,7.87]],"o":[[7.87,0],[0,7.87],[-7.87,0],[0,-7.87]],"v":[[57,-48.25],[71.25,-34],[57,-19.75],[42.75,-34]],"c":true}]},{"i":{"x":0.833,"y":0.833},"o":{"x":0.167,"y":0},"t":62,"s":[{"i":[[-7.87,0],[0,-7.87],[7.87,0],[0,7.87]],"o":[[7.87,0],[0,7.87],[-7.87,0],[0,-7.87]],"v":[[57,-48.25],[71.25,-34],[57,-19.75],[42.75,-34]],"c":true}]},{"i":{"x":0,"y":1},"o":{"x":0.167,"y":0.167},"t":68,"s":[{"i":[[-11.779,-0.178],[0,-7.87],[7.87,0],[0,7.87]],"o":[[11.961,0.182],[0,7.87],[-7.87,0],[0,-7.87]],"v":[[57,-29.541],[71.25,-34],[57,-19.75],[42.75,-34]],"c":true}]},{"i":{"x":0,"y":1},"o":{"x":0.167,"y":0},"t":75,"s":[{"i":[[-7.87,0],[0,-7.87],[7.87,0],[0,7.87]],"o":[[7.87,0],[0,7.87],[-7.87,0],[0,-7.87]],"v":[[57,-48.25],[71.25,-34],[57,-19.75],[42.75,-34]],"c":true}]},{"i":{"x":0,"y":1},"o":{"x":0.167,"y":0},"t":98,"s":[{"i":[[-7.87,0],[0,-7.87],[7.87,0],[0,7.87]],"o":[[7.87,0],[0,7.87],[-7.87,0],[0,-7.87]],"v":[[57,-48.25],[71.25,-34],[57,-19.75],[42.75,-34]],"c":true}]},{"i":{"x":0.833,"y":1},"o":{"x":0.167,"y":0},"t":121,"s":[{"i":[[-7.87,0],[0,-7.87],[7.87,0],[0,7.87]],"o":[[7.87,0],[0,7.87],[-7.87,0],[0,-7.87]],"v":[[57,-48.25],[71.25,-34],[57,-19.75],[42.75,-34]],"c":true}]},{"i":{"x":0,"y":1},"o":{"x":0.167,"y":0},"t":124,"s":[{"i":[[-7.87,0],[0,-7.87],[7.87,0],[0,7.87]],"o":[[7.87,0],[0,7.87],[-7.87,0],[0,-7.87]],"v":[[57,-35.5],[71.25,-34],[57,-30.5],[42.75,-34]],"c":true}]},{"i":{"x":0,"y":1},"o":{"x":0.167,"y":0},"t":132,"s":[{"i":[[-7.87,0],[0,-7.87],[7.87,0],[0,7.87]],"o":[[7.87,0],[0,7.87],[-7.87,0],[0,-7.87]],"v":[[57,-48.25],[71.25,-34],[57,-19.75],[42.75,-34]],"c":true}]},{"i":{"x":0.833,"y":1},"o":{"x":0.167,"y":0},"t":232,"s":[{"i":[[-7.87,0],[0,-7.87],[7.87,0],[0,7.87]],"o":[[7.87,0],[0,7.87],[-7.87,0],[0,-7.87]],"v":[[57,-48.25],[71.25,-34],[57,-19.75],[42.75,-34]],"c":true}]},{"i":{"x":0,"y":1},"o":{"x":0.167,"y":0},"t":239,"s":[{"i":[[-7.87,0],[0,-7.87],[7.87,0],[0,7.87]],"o":[[7.87,0],[0,7.87],[-7.87,0],[0,-7.87]],"v":[[57,-35.5],[71.25,-34],[57,-30.5],[42.75,-34]],"c":true}]},{"i":{"x":0.667,"y":1},"o":{"x":0.167,"y":0},"t":252,"s":[{"i":[[-7.87,0],[0,-7.87],[7.87,0],[0,7.87]],"o":[[7.87,0],[0,7.87],[-7.87,0],[0,-7.87]],"v":[[57,-48.25],[71.25,-34],[57,-19.75],[42.75,-34]],"c":true}]},{"i":{"x":0,"y":1},"o":{"x":0.333,"y":0},"t":423,"s":[{"i":[[-7.87,0],[0,-7.87],[7.87,0],[0,7.87]],"o":[[7.87,0],[0,7.87],[-7.87,0],[0,-7.87]],"v":[[57,-48.25],[71.25,-34],[57,-19.75],[42.75,-34]],"c":true}]},{"i":{"x":0.833,"y":1},"o":{"x":0.167,"y":0},"t":445,"s":[{"i":[[-7.87,0],[0,-7.87],[7.87,0],[0,7.87]],"o":[[7.87,0],[0,7.87],[-7.87,0],[0,-7.87]],"v":[[57,-48.25],[71.25,-34],[57,-27.875],[42.75,-34]],"c":true}]},{"i":{"x":0.833,"y":1},"o":{"x":0.167,"y":0},"t":464,"s":[{"i":[[-7.87,0],[0,-7.87],[7.87,0],[0,7.87]],"o":[[7.87,0],[0,7.87],[-7.87,0],[0,-7.87]],"v":[[57,-48.25],[71.25,-34],[57,-27.875],[42.75,-34]],"c":true}]},{"i":{"x":0.833,"y":1},"o":{"x":0.167,"y":0},"t":468,"s":[{"i":[[-7.87,0],[0,-7.87],[7.87,0],[0,7.87]],"o":[[7.87,0],[0,7.87],[-7.87,0],[0,-7.87]],"v":[[54.519,-48.555],[68.769,-34.305],[54.519,-28.18],[40.269,-34.305]],"c":true}]},{"i":{"x":0.833,"y":0.833},"o":{"x":0.167,"y":0},"t":488,"s":[{"i":[[-7.87,0],[0,-7.87],[7.87,0],[0,7.87]],"o":[[7.87,0],[0,7.87],[-7.87,0],[0,-7.87]],"v":[[54.519,-48.555],[68.769,-34.305],[54.519,-28.18],[40.269,-34.305]],"c":true}]},{"i":{"x":0.833,"y":0.833},"o":{"x":0.167,"y":0.167},"t":492,"s":[{"i":[[-7.87,0],[0,-7.87],[7.87,0],[0,7.87]],"o":[[7.87,0],[0,7.87],[-7.87,0],[0,-7.87]],"v":[[55.194,-54.058],[69.444,-39.808],[55.194,-33.683],[40.944,-39.808]],"c":true}]},{"i":{"x":0.833,"y":0.833},"o":{"x":0.167,"y":0.167},"t":507,"s":[{"i":[[-7.87,0],[0,-7.87],[7.87,0],[0,7.87]],"o":[[7.87,0],[0,7.87],[-7.87,0],[0,-7.87]],"v":[[55.194,-54.058],[69.444,-39.808],[55.194,-33.683],[40.944,-39.808]],"c":true}]},{"i":{"x":0.833,"y":0.833},"o":{"x":0.167,"y":0.167},"t":513,"s":[{"i":[[-7.87,0],[-0.183,-3.501],[7.87,0],[-0.025,4.073]],"o":[[7.87,0],[0.252,4.814],[-7.87,0],[0.02,-3.247]],"v":[[55.194,-47.051],[69.444,-39.808],[55.194,-45.288],[40.944,-39.808]],"c":true}]},{"i":{"x":0.833,"y":0.833},"o":{"x":0.167,"y":0.167},"t":523,"s":[{"i":[[-7.87,0],[0,-7.87],[7.87,0],[0,7.87]],"o":[[7.87,0],[0,7.87],[-7.87,0],[0,-7.87]],"v":[[55.194,-54.058],[69.444,-39.808],[55.194,-33.683],[40.944,-39.808]],"c":true}]},{"i":{"x":0.833,"y":1},"o":{"x":0.167,"y":0.167},"t":540,"s":[{"i":[[-7.87,0],[0,-7.87],[7.87,0],[0,7.87]],"o":[[7.87,0],[0,7.87],[-7.87,0],[0,-7.87]],"v":[[55.194,-54.058],[69.444,-39.808],[55.194,-33.683],[40.944,-39.808]],"c":true}]},{"i":{"x":0.833,"y":1},"o":{"x":0.167,"y":0},"t":544,"s":[{"i":[[-7.87,0],[0,-7.87],[7.87,0],[0,7.87]],"o":[[7.87,0],[0,7.87],[-7.87,0],[0,-7.87]],"v":[[57,-48.25],[71.25,-34],[57,-27.875],[42.75,-34]],"c":true}]},{"i":{"x":0.833,"y":1},"o":{"x":0.167,"y":0},"t":562,"s":[{"i":[[-7.87,0],[0,-7.87],[7.87,0],[0,7.87]],"o":[[7.87,0],[0,7.87],[-7.87,0],[0,-7.87]],"v":[[57,-48.25],[71.25,-34],[57,-27.875],[42.75,-34]],"c":true}]},{"i":{"x":0.833,"y":1},"o":{"x":0.167,"y":0},"t":566,"s":[{"i":[[-7.87,0],[0,-7.87],[7.87,0],[0,7.87]],"o":[[7.87,0],[0,7.87],[-7.87,0],[0,-7.87]],"v":[[54.519,-48.555],[68.769,-34.305],[54.519,-28.18],[40.269,-34.305]],"c":true}]},{"i":{"x":0.833,"y":0.833},"o":{"x":0.167,"y":0},"t":586,"s":[{"i":[[-7.87,0],[0,-7.87],[7.87,0],[0,7.87]],"o":[[7.87,0],[0,7.87],[-7.87,0],[0,-7.87]],"v":[[54.519,-48.555],[68.769,-34.305],[54.519,-28.18],[40.269,-34.305]],"c":true}]},{"i":{"x":0.833,"y":0.833},"o":{"x":0.167,"y":0.167},"t":590,"s":[{"i":[[-7.87,0],[0,-7.87],[7.87,0],[0,7.87]],"o":[[7.87,0],[0,7.87],[-7.87,0],[0,-7.87]],"v":[[55.194,-54.058],[69.444,-39.808],[55.194,-33.683],[40.944,-39.808]],"c":true}]},{"i":{"x":0.833,"y":0.833},"o":{"x":0.167,"y":0.167},"t":605,"s":[{"i":[[-7.87,0],[0,-7.87],[7.87,0],[0,7.87]],"o":[[7.87,0],[0,7.87],[-7.87,0],[0,-7.87]],"v":[[55.194,-54.058],[69.444,-39.808],[55.194,-33.683],[40.944,-39.808]],"c":true}]},{"i":{"x":0.833,"y":0.833},"o":{"x":0.167,"y":0.167},"t":611,"s":[{"i":[[-7.87,0],[-0.183,-3.501],[7.87,0],[-0.025,4.073]],"o":[[7.87,0],[0.252,4.814],[-7.87,0],[0.02,-3.247]],"v":[[55.194,-47.051],[69.444,-39.808],[55.194,-45.288],[40.944,-39.808]],"c":true}]},{"i":{"x":0.833,"y":0.833},"o":{"x":0.167,"y":0.167},"t":621,"s":[{"i":[[-7.87,0],[0,-7.87],[7.87,0],[0,7.87]],"o":[[7.87,0],[0,7.87],[-7.87,0],[0,-7.87]],"v":[[55.194,-54.058],[69.444,-39.808],[55.194,-33.683],[40.944,-39.808]],"c":true}]},{"i":{"x":0.833,"y":1},"o":{"x":0.167,"y":0.167},"t":638,"s":[{"i":[[-7.87,0],[0,-7.87],[7.87,0],[0,7.87]],"o":[[7.87,0],[0,7.87],[-7.87,0],[0,-7.87]],"v":[[55.194,-54.058],[69.444,-39.808],[55.194,-33.683],[40.944,-39.808]],"c":true}]},{"i":{"x":0.833,"y":1},"o":{"x":0.167,"y":0},"t":642,"s":[{"i":[[-7.87,0],[0,-7.87],[7.87,0],[0,7.87]],"o":[[7.87,0],[0,7.87],[-7.87,0],[0,-7.87]],"v":[[57,-48.25],[71.25,-34],[57,-27.875],[42.75,-34]],"c":true}]},{"i":{"x":0.27,"y":1},"o":{"x":0.167,"y":0},"t":695,"s":[{"i":[[-7.87,0],[0,-7.87],[7.87,0],[0,7.87]],"o":[[7.87,0],[0,7.87],[-7.87,0],[0,-7.87]],"v":[[57,-48.25],[71.25,-34],[57,-27.875],[42.75,-34]],"c":true}]},{"i":{"x":0.667,"y":1},"o":{"x":0.167,"y":0},"t":719,"s":[{"i":[[-7.87,0],[0,-7.87],[7.87,0],[0,7.87]],"o":[[7.87,0],[0,7.87],[-7.87,0],[0,-7.87]],"v":[[57,-48.25],[71.25,-34],[57,-19.75],[42.75,-34]],"c":true}]},{"i":{"x":0,"y":1},"o":{"x":0.333,"y":0},"t":1170,"s":[{"i":[[-7.87,0],[0,-7.87],[7.87,0],[0,7.87]],"o":[[7.87,0],[0,7.87],[-7.87,0],[0,-7.87]],"v":[[57,-48.25],[71.25,-34],[57,-19.75],[42.75,-34]],"c":true}]},{"i":{"x":0.833,"y":0.833},"o":{"x":0.333,"y":0},"t":1191,"s":[{"i":[[-7.87,0],[0,-7.87],[7.87,0],[0,7.87]],"o":[[7.87,0],[0,7.87],[-7.87,0],[0,-7.87]],"v":[[57,-48.25],[71.25,-34],[57,-19.75],[42.75,-34]],"c":true}]},{"i":{"x":0.833,"y":1},"o":{"x":0.167,"y":0.167},"t":1228,"s":[{"i":[[-7.87,0],[0,-7.87],[7.87,0],[0,7.87]],"o":[[7.87,0],[0,7.87],[-7.87,0],[0,-7.87]],"v":[[57,-48.25],[71.25,-34],[57,-19.75],[42.75,-34]],"c":true}]},{"i":{"x":0,"y":1},"o":{"x":0.167,"y":0},"t":1238,"s":[{"i":[[-7.87,0],[0.132,-2.526],[7.87,0],[0,4.527]],"o":[[7.87,0],[-0.25,4.77],[-7.87,0],[0,-1.73]],"v":[[57,-35.5],[71.25,-34],[57,-30.5],[42.75,-34]],"c":true}]},{"i":{"x":0.833,"y":0.833},"o":{"x":0.167,"y":0.167},"t":1252,"s":[{"i":[[-7.87,0],[0,-7.87],[7.87,0],[0,7.87]],"o":[[7.87,0],[0,7.87],[-7.87,0],[0,-7.87]],"v":[[57,-48.25],[71.25,-34],[57,-19.75],[42.75,-34]],"c":true}]},{"i":{"x":0.833,"y":1},"o":{"x":0.167,"y":0.167},"t":1428,"s":[{"i":[[-7.87,0],[0,-7.87],[7.87,0],[0,7.87]],"o":[[7.87,0],[0,7.87],[-7.87,0],[0,-7.87]],"v":[[57,-48.25],[71.25,-34],[57,-19.75],[42.75,-34]],"c":true}]},{"i":{"x":0,"y":1},"o":{"x":0.167,"y":0},"t":1438,"s":[{"i":[[-7.87,0],[0.132,-2.526],[7.87,0],[0,4.527]],"o":[[7.87,0],[-0.25,4.77],[-7.87,0],[0,-1.73]],"v":[[57,-35.5],[71.25,-34],[57,-30.5],[42.75,-34]],"c":true}]},{"i":{"x":0.833,"y":1},"o":{"x":0.167,"y":0.167},"t":1452,"s":[{"i":[[-7.87,0],[0,-7.87],[7.87,0],[0,7.87]],"o":[[7.87,0],[0,7.87],[-7.87,0],[0,-7.87]],"v":[[57,-48.25],[71.25,-34],[57,-19.75],[42.75,-34]],"c":true}]},{"i":{"x":0.833,"y":1},"o":{"x":0.167,"y":0},"t":1472,"s":[{"i":[[-7.87,0],[0,-7.87],[7.87,0],[0,7.87]],"o":[[7.87,0],[0,7.87],[-7.87,0],[0,-7.87]],"v":[[57,-48.25],[71.25,-34],[57,-19.75],[42.75,-34]],"c":true}]},{"i":{"x":0.667,"y":1},"o":{"x":0.167,"y":0},"t":1480,"s":[{"i":[[-7.87,0],[0.132,-2.526],[7.87,0],[0,4.527]],"o":[[7.87,0],[-0.25,4.77],[-7.87,0],[0,-1.73]],"v":[[57,-35.5],[71.25,-34],[57,-30.5],[42.75,-34]],"c":true}]},{"i":{"x":0.833,"y":1},"o":{"x":0.333,"y":0},"t":1495,"s":[{"i":[[-7.87,0],[0,-7.87],[7.87,0],[0,7.87]],"o":[[7.87,0],[0,7.87],[-7.87,0],[0,-7.87]],"v":[[57,-48.25],[71.25,-34],[57,-19.75],[42.75,-34]],"c":true}]},{"i":{"x":0.833,"y":1},"o":{"x":0.167,"y":0},"t":1560,"s":[{"i":[[-7.87,0],[0,-7.87],[7.87,0],[0,7.87]],"o":[[7.87,0],[0,7.87],[-7.87,0],[0,-7.87]],"v":[[57,-48.25],[71.25,-34],[57,-19.75],[42.75,-34]],"c":true}]},{"i":{"x":0.833,"y":1},"o":{"x":0.167,"y":0},"t":1603,"s":[{"i":[[-7.87,0],[0,-7.87],[7.87,0],[0,7.87]],"o":[[7.87,0],[0,7.87],[-7.87,0],[0,-7.87]],"v":[[57,-48.25],[71.25,-34],[57,-19.75],[42.75,-34]],"c":true}]},{"i":{"x":0,"y":1},"o":{"x":0.167,"y":0},"t":1620,"s":[{"i":[[-7.87,0],[0.132,-2.526],[7.87,0],[0,4.527]],"o":[[7.87,0],[-0.25,4.77],[-7.87,0],[0,-1.73]],"v":[[57.024,3.25],[71.274,4.75],[57.024,8.25],[42.774,4.75]],"c":true}]},{"i":{"x":0.833,"y":1},"o":{"x":0.333,"y":0},"t":1662,"s":[{"i":[[-7.87,0],[0,-7.87],[7.87,0],[0,7.87]],"o":[[7.87,0],[0,7.87],[-7.87,0],[0,-7.87]],"v":[[57,-48.25],[71.25,-34],[57,-19.75],[42.75,-34]],"c":true}]},{"i":{"x":0.833,"y":1},"o":{"x":0.167,"y":0},"t":1847,"s":[{"i":[[-7.87,0],[0,-7.87],[7.87,0],[0,7.87]],"o":[[7.87,0],[0,7.87],[-7.87,0],[0,-7.87]],"v":[[57,-48.25],[71.25,-34],[57,-19.75],[42.75,-34]],"c":true}]},{"i":{"x":0.667,"y":1},"o":{"x":0.167,"y":0},"t":1855,"s":[{"i":[[-7.87,0],[0.132,-2.526],[7.87,0],[0,4.527]],"o":[[7.87,0],[-0.25,4.77],[-7.87,0],[0,-1.73]],"v":[[57,-35.5],[71.25,-34],[57,-30.5],[42.75,-34]],"c":true}]},{"i":{"x":0,"y":1},"o":{"x":0.333,"y":0},"t":1870,"s":[{"i":[[-7.87,0],[0,-7.87],[7.87,0],[0,7.87]],"o":[[7.87,0],[0,7.87],[-7.87,0],[0,-7.87]],"v":[[57,-48.25],[71.25,-34],[57,-19.75],[42.75,-34]],"c":true}]},{"t":1910,"s":[{"i":[[-7.87,0],[0,-7.87],[7.87,0],[0,7.87]],"o":[[7.87,0],[0,7.87],[-7.87,0],[0,-7.87]],"v":[[57,-48.25],[71.25,-34],[57,-19.75],[42.75,-34]],"c":true}]}],"ix":2},"nm":"Path 2","mn":"ADBE Vector Shape - Group","hd":false},{"ind":1,"ty":"sh","ix":2,"ks":{"a":1,"k":[{"i":{"x":0,"y":1},"o":{"x":0.333,"y":0},"t":23,"s":[{"i":[[-12.75,0.25],[0,-7.87],[7.87,0],[0,7.87]],"o":[[11.758,-0.231],[0,7.87],[-7.87,0],[0,-7.87]],"v":[[-59,-22.5],[-44.75,-34],[-59,-19.75],[-73.25,-34]],"c":true}]},{"i":{"x":0,"y":1},"o":{"x":0.167,"y":0.167},"t":49,"s":[{"i":[[-9.433,0.08],[0,-7.87],[7.87,0],[0,7.87]],"o":[[9.115,-0.074],[0,7.87],[-7.87,0],[0,-7.87]],"v":[[-59,-40.005],[-44.75,-34],[-59,-19.75],[-73.25,-34]],"c":true}]},{"i":{"x":0,"y":1},"o":{"x":0.167,"y":0},"t":57,"s":[{"i":[[-7.87,0],[0,-7.87],[7.87,0],[0,7.87]],"o":[[7.87,0],[0,7.87],[-7.87,0],[0,-7.87]],"v":[[-59,-48.25],[-44.75,-34],[-59,-19.75],[-73.25,-34]],"c":true}]},{"i":{"x":0.833,"y":0.833},"o":{"x":0.167,"y":0},"t":62,"s":[{"i":[[-7.87,0],[0,-7.87],[7.87,0],[0,7.87]],"o":[[7.87,0],[0,7.87],[-7.87,0],[0,-7.87]],"v":[[-59,-48.25],[-44.75,-34],[-59,-19.75],[-73.25,-34]],"c":true}]},{"i":{"x":0,"y":1},"o":{"x":0.167,"y":0.167},"t":68,"s":[{"i":[[-11.416,0.182],[0,-7.87],[7.87,0],[0,7.87]],"o":[[10.695,-0.168],[0,7.87],[-7.87,0],[0,-7.87]],"v":[[-59,-29.541],[-44.75,-34],[-59,-19.75],[-73.25,-34]],"c":true}]},{"i":{"x":0,"y":1},"o":{"x":0.167,"y":0},"t":75,"s":[{"i":[[-7.87,0],[0,-7.87],[7.87,0],[0,7.87]],"o":[[7.87,0],[0,7.87],[-7.87,0],[0,-7.87]],"v":[[-59,-48.25],[-44.75,-34],[-59,-19.75],[-73.25,-34]],"c":true}]},{"i":{"x":0,"y":1},"o":{"x":0.167,"y":0},"t":98,"s":[{"i":[[-7.87,0],[0,-7.87],[7.87,0],[0,7.87]],"o":[[7.87,0],[0,7.87],[-7.87,0],[0,-7.87]],"v":[[-59,-48.25],[-44.75,-34],[-59,-19.75],[-73.25,-34]],"c":true}]},{"i":{"x":0.833,"y":1},"o":{"x":0.167,"y":0},"t":121,"s":[{"i":[[-7.87,0],[0,-7.87],[7.87,0],[0,7.87]],"o":[[7.87,0],[0,7.87],[-7.87,0],[0,-7.87]],"v":[[-59,-48.25],[-44.75,-34],[-59,-19.75],[-73.25,-34]],"c":true}]},{"i":{"x":0,"y":1},"o":{"x":0.167,"y":0},"t":124,"s":[{"i":[[-7.87,0],[0,-7.87],[7.87,0],[0,7.87]],"o":[[7.87,0],[0,7.87],[-7.87,0],[0,-7.87]],"v":[[-59,-35.5],[-44.75,-34],[-59,-30.5],[-73.25,-34]],"c":true}]},{"i":{"x":0,"y":1},"o":{"x":0.167,"y":0},"t":132,"s":[{"i":[[-7.87,0],[0,-7.87],[7.87,0],[0,7.87]],"o":[[7.87,0],[0,7.87],[-7.87,0],[0,-7.87]],"v":[[-59,-48.25],[-44.75,-34],[-59,-19.75],[-73.25,-34]],"c":true}]},{"i":{"x":0.833,"y":1},"o":{"x":0.167,"y":0},"t":232,"s":[{"i":[[-7.87,0],[0,-7.87],[7.87,0],[0,7.87]],"o":[[7.87,0],[0,7.87],[-7.87,0],[0,-7.87]],"v":[[-59,-48.25],[-44.75,-34],[-59,-19.75],[-73.25,-34]],"c":true}]},{"i":{"x":0,"y":1},"o":{"x":0.167,"y":0},"t":239,"s":[{"i":[[-7.87,0],[0,-7.87],[7.87,0],[0,7.87]],"o":[[7.87,0],[0,7.87],[-7.87,0],[0,-7.87]],"v":[[-59,-35.5],[-44.75,-34],[-59,-30.5],[-73.25,-34]],"c":true}]},{"i":{"x":0.667,"y":1},"o":{"x":0.167,"y":0},"t":252,"s":[{"i":[[-7.87,0],[0,-7.87],[7.87,0],[0,7.87]],"o":[[7.87,0],[0,7.87],[-7.87,0],[0,-7.87]],"v":[[-59,-48.25],[-44.75,-34],[-59,-19.75],[-73.25,-34]],"c":true}]},{"i":{"x":0,"y":1},"o":{"x":0.333,"y":0},"t":423,"s":[{"i":[[-7.87,0],[0,-7.87],[7.87,0],[0,7.87]],"o":[[7.87,0],[0,7.87],[-7.87,0],[0,-7.87]],"v":[[-59,-48.25],[-44.75,-34],[-59,-19.75],[-73.25,-34]],"c":true}]},{"i":{"x":0.833,"y":1},"o":{"x":0.167,"y":0},"t":445,"s":[{"i":[[-7.87,0],[0,-7.87],[7.87,0],[0,7.87]],"o":[[7.87,0],[0,7.87],[-7.87,0],[0,-7.87]],"v":[[-59,-48.25],[-44.75,-34],[-59,-27.875],[-73.25,-34]],"c":true}]},{"i":{"x":0.833,"y":1},"o":{"x":0.167,"y":0},"t":464,"s":[{"i":[[-7.87,0],[0,-7.87],[7.87,0],[0,7.87]],"o":[[7.87,0],[0,7.87],[-7.87,0],[0,-7.87]],"v":[[-59,-48.25],[-44.75,-34],[-59,-27.875],[-73.25,-34]],"c":true}]},{"i":{"x":0.833,"y":1},"o":{"x":0.167,"y":0},"t":468,"s":[{"i":[[-7.87,0],[0,-7.87],[7.87,0],[0,7.87]],"o":[[7.87,0],[0,7.87],[-7.87,0],[0,-7.87]],"v":[[-61.481,-48.555],[-47.231,-34.305],[-61.481,-28.18],[-75.731,-34.305]],"c":true}]},{"i":{"x":0.833,"y":0.833},"o":{"x":0.167,"y":0},"t":488,"s":[{"i":[[-7.87,0],[0,-7.87],[7.87,0],[0,7.87]],"o":[[7.87,0],[0,7.87],[-7.87,0],[0,-7.87]],"v":[[-61.481,-48.555],[-47.231,-34.305],[-61.481,-28.18],[-75.731,-34.305]],"c":true}]},{"i":{"x":0.833,"y":0.833},"o":{"x":0.167,"y":0.167},"t":492,"s":[{"i":[[-7.87,0],[0,-7.87],[7.87,0],[0,7.87]],"o":[[7.87,0],[0,7.87],[-7.87,0],[0,-7.87]],"v":[[-60.806,-54.058],[-46.556,-39.808],[-60.806,-33.683],[-75.056,-39.808]],"c":true}]},{"i":{"x":0.833,"y":0.833},"o":{"x":0.167,"y":0.167},"t":507,"s":[{"i":[[-7.87,0],[0,-7.87],[7.87,0],[0,7.87]],"o":[[7.87,0],[0,7.87],[-7.87,0],[0,-7.87]],"v":[[-60.806,-54.058],[-46.556,-39.808],[-60.806,-33.683],[-75.056,-39.808]],"c":true}]},{"i":{"x":0.833,"y":0.833},"o":{"x":0.167,"y":0.167},"t":513,"s":[{"i":[[-7.87,0],[-0.055,-3.183],[7.87,0],[0.093,3.425]],"o":[[7.87,0],[0.059,3.393],[-7.87,0],[-0.092,-3.397]],"v":[[-60.806,-47.051],[-46.556,-39.808],[-60.806,-45.288],[-75.056,-39.808]],"c":true}]},{"i":{"x":0.833,"y":0.833},"o":{"x":0.167,"y":0.167},"t":523,"s":[{"i":[[-7.87,0],[0,-7.87],[7.87,0],[0,7.87]],"o":[[7.87,0],[0,7.87],[-7.87,0],[0,-7.87]],"v":[[-60.806,-54.058],[-46.556,-39.808],[-60.806,-33.683],[-75.056,-39.808]],"c":true}]},{"i":{"x":0.833,"y":1},"o":{"x":0.167,"y":0.167},"t":540,"s":[{"i":[[-7.87,0],[0,-7.87],[7.87,0],[0,7.87]],"o":[[7.87,0],[0,7.87],[-7.87,0],[0,-7.87]],"v":[[-60.806,-54.058],[-46.556,-39.808],[-60.806,-33.683],[-75.056,-39.808]],"c":true}]},{"i":{"x":0.833,"y":1},"o":{"x":0.167,"y":0},"t":544,"s":[{"i":[[-7.87,0],[0,-7.87],[7.87,0],[0,7.87]],"o":[[7.87,0],[0,7.87],[-7.87,0],[0,-7.87]],"v":[[-59,-48.25],[-44.75,-34],[-59,-27.875],[-73.25,-34]],"c":true}]},{"i":{"x":0.833,"y":1},"o":{"x":0.167,"y":0},"t":562,"s":[{"i":[[-7.87,0],[0,-7.87],[7.87,0],[0,7.87]],"o":[[7.87,0],[0,7.87],[-7.87,0],[0,-7.87]],"v":[[-59,-48.25],[-44.75,-34],[-59,-27.875],[-73.25,-34]],"c":true}]},{"i":{"x":0.833,"y":1},"o":{"x":0.167,"y":0},"t":566,"s":[{"i":[[-7.87,0],[0,-7.87],[7.87,0],[0,7.87]],"o":[[7.87,0],[0,7.87],[-7.87,0],[0,-7.87]],"v":[[-61.481,-48.555],[-47.231,-34.305],[-61.481,-28.18],[-75.731,-34.305]],"c":true}]},{"i":{"x":0.833,"y":0.833},"o":{"x":0.167,"y":0},"t":586,"s":[{"i":[[-7.87,0],[0,-7.87],[7.87,0],[0,7.87]],"o":[[7.87,0],[0,7.87],[-7.87,0],[0,-7.87]],"v":[[-61.481,-48.555],[-47.231,-34.305],[-61.481,-28.18],[-75.731,-34.305]],"c":true}]},{"i":{"x":0.833,"y":0.833},"o":{"x":0.167,"y":0.167},"t":590,"s":[{"i":[[-7.87,0],[0,-7.87],[7.87,0],[0,7.87]],"o":[[7.87,0],[0,7.87],[-7.87,0],[0,-7.87]],"v":[[-60.806,-54.058],[-46.556,-39.808],[-60.806,-33.683],[-75.056,-39.808]],"c":true}]},{"i":{"x":0.833,"y":0.833},"o":{"x":0.167,"y":0.167},"t":605,"s":[{"i":[[-7.87,0],[0,-7.87],[7.87,0],[0,7.87]],"o":[[7.87,0],[0,7.87],[-7.87,0],[0,-7.87]],"v":[[-60.806,-54.058],[-46.556,-39.808],[-60.806,-33.683],[-75.056,-39.808]],"c":true}]},{"i":{"x":0.833,"y":0.833},"o":{"x":0.167,"y":0.167},"t":611,"s":[{"i":[[-7.87,0],[-0.055,-3.183],[7.87,0],[0.093,3.425]],"o":[[7.87,0],[0.059,3.393],[-7.87,0],[-0.092,-3.397]],"v":[[-60.806,-47.051],[-46.556,-39.808],[-60.806,-45.288],[-75.056,-39.808]],"c":true}]},{"i":{"x":0.833,"y":0.833},"o":{"x":0.167,"y":0.167},"t":621,"s":[{"i":[[-7.87,0],[0,-7.87],[7.87,0],[0,7.87]],"o":[[7.87,0],[0,7.87],[-7.87,0],[0,-7.87]],"v":[[-60.806,-54.058],[-46.556,-39.808],[-60.806,-33.683],[-75.056,-39.808]],"c":true}]},{"i":{"x":0.833,"y":1},"o":{"x":0.167,"y":0.167},"t":638,"s":[{"i":[[-7.87,0],[0,-7.87],[7.87,0],[0,7.87]],"o":[[7.87,0],[0,7.87],[-7.87,0],[0,-7.87]],"v":[[-60.806,-54.058],[-46.556,-39.808],[-60.806,-33.683],[-75.056,-39.808]],"c":true}]},{"i":{"x":0.833,"y":1},"o":{"x":0.167,"y":0},"t":642,"s":[{"i":[[-7.87,0],[0,-7.87],[7.87,0],[0,7.87]],"o":[[7.87,0],[0,7.87],[-7.87,0],[0,-7.87]],"v":[[-59,-48.25],[-44.75,-34],[-59,-27.875],[-73.25,-34]],"c":true}]},{"i":{"x":0.27,"y":1},"o":{"x":0.167,"y":0},"t":695,"s":[{"i":[[-7.87,0],[0,-7.87],[7.87,0],[0,7.87]],"o":[[7.87,0],[0,7.87],[-7.87,0],[0,-7.87]],"v":[[-59,-48.25],[-44.75,-34],[-59,-27.875],[-73.25,-34]],"c":true}]},{"i":{"x":0.667,"y":1},"o":{"x":0.167,"y":0},"t":719,"s":[{"i":[[-7.87,0],[0,-7.87],[7.87,0],[0,7.87]],"o":[[7.87,0],[0,7.87],[-7.87,0],[0,-7.87]],"v":[[-59,-48.25],[-44.75,-34],[-59,-19.75],[-73.25,-34]],"c":true}]},{"i":{"x":0,"y":1},"o":{"x":0.333,"y":0},"t":1170,"s":[{"i":[[-7.87,0],[0,-7.87],[7.87,0],[0,7.87]],"o":[[7.87,0],[0,7.87],[-7.87,0],[0,-7.87]],"v":[[-59,-48.25],[-44.75,-34],[-59,-19.75],[-73.25,-34]],"c":true}]},{"i":{"x":0.833,"y":0.833},"o":{"x":0.333,"y":0},"t":1191,"s":[{"i":[[-7.87,0],[0,-7.87],[7.87,0],[0,7.87]],"o":[[7.87,0],[0,7.87],[-7.87,0],[0,-7.87]],"v":[[-59,-48.25],[-44.75,-34],[-59,-19.75],[-73.25,-34]],"c":true}]},{"i":{"x":0.833,"y":1},"o":{"x":0.167,"y":0.167},"t":1228,"s":[{"i":[[-7.87,0],[0,-7.87],[7.87,0],[0,7.87]],"o":[[7.87,0],[0,7.87],[-7.87,0],[0,-7.87]],"v":[[-59,-48.25],[-44.75,-34],[-59,-19.75],[-73.25,-34]],"c":true}]},{"i":{"x":0,"y":1},"o":{"x":0.167,"y":0},"t":1238,"s":[{"i":[[-7.87,0],[-0.145,-2.772],[7.87,0],[0,4.27]],"o":[[7.87,0],[0.25,4.77],[-7.87,0],[0,-2.285]],"v":[[-59,-35.5],[-44.75,-34],[-59,-30.5],[-73.25,-34]],"c":true}]},{"i":{"x":0.833,"y":0.833},"o":{"x":0.167,"y":0.167},"t":1252,"s":[{"i":[[-7.87,0],[0,-7.87],[7.87,0],[0,7.87]],"o":[[7.87,0],[0,7.87],[-7.87,0],[0,-7.87]],"v":[[-59,-48.25],[-44.75,-34],[-59,-19.75],[-73.25,-34]],"c":true}]},{"i":{"x":0.833,"y":1},"o":{"x":0.167,"y":0.167},"t":1428,"s":[{"i":[[-7.87,0],[0,-7.87],[7.87,0],[0,7.87]],"o":[[7.87,0],[0,7.87],[-7.87,0],[0,-7.87]],"v":[[-59,-48.25],[-44.75,-34],[-59,-19.75],[-73.25,-34]],"c":true}]},{"i":{"x":0,"y":1},"o":{"x":0.167,"y":0},"t":1438,"s":[{"i":[[-7.87,0],[-0.145,-2.772],[7.87,0],[0,4.27]],"o":[[7.87,0],[0.25,4.77],[-7.87,0],[0,-2.285]],"v":[[-59,-35.5],[-44.75,-34],[-59,-30.5],[-73.25,-34]],"c":true}]},{"i":{"x":0.833,"y":1},"o":{"x":0.167,"y":0.167},"t":1452,"s":[{"i":[[-7.87,0],[0,-7.87],[7.87,0],[0,7.87]],"o":[[7.87,0],[0,7.87],[-7.87,0],[0,-7.87]],"v":[[-59,-48.25],[-44.75,-34],[-59,-19.75],[-73.25,-34]],"c":true}]},{"i":{"x":0.833,"y":1},"o":{"x":0.167,"y":0},"t":1472,"s":[{"i":[[-7.87,0],[0,-7.87],[7.87,0],[0,7.87]],"o":[[7.87,0],[0,7.87],[-7.87,0],[0,-7.87]],"v":[[-59,-48.25],[-44.75,-34],[-59,-19.75],[-73.25,-34]],"c":true}]},{"i":{"x":0.667,"y":1},"o":{"x":0.167,"y":0},"t":1480,"s":[{"i":[[-7.87,0],[-0.145,-2.772],[7.87,0],[0,4.27]],"o":[[7.87,0],[0.25,4.77],[-7.87,0],[0,-2.285]],"v":[[-59,-35.5],[-44.75,-34],[-59,-30.5],[-73.25,-34]],"c":true}]},{"i":{"x":0.833,"y":1},"o":{"x":0.333,"y":0},"t":1495,"s":[{"i":[[-7.87,0],[0,-7.87],[7.87,0],[0,7.87]],"o":[[7.87,0],[0,7.87],[-7.87,0],[0,-7.87]],"v":[[-59,-48.25],[-44.75,-34],[-59,-19.75],[-73.25,-34]],"c":true}]},{"i":{"x":0.833,"y":1},"o":{"x":0.167,"y":0},"t":1560,"s":[{"i":[[-7.87,0],[0,-7.87],[7.87,0],[0,7.87]],"o":[[7.87,0],[0,7.87],[-7.87,0],[0,-7.87]],"v":[[-59,-48.25],[-44.75,-34],[-59,-19.75],[-73.25,-34]],"c":true}]},{"i":{"x":0.833,"y":1},"o":{"x":0.167,"y":0},"t":1603,"s":[{"i":[[-7.87,0],[0,-7.87],[7.87,0],[0,7.87]],"o":[[7.87,0],[0,7.87],[-7.87,0],[0,-7.87]],"v":[[-59,-48.25],[-44.75,-34],[-59,-19.75],[-73.25,-34]],"c":true}]},{"i":{"x":0,"y":1},"o":{"x":0.167,"y":0},"t":1620,"s":[{"i":[[-7.87,0],[-0.145,-2.772],[7.87,0],[0,4.27]],"o":[[7.87,0],[0.25,4.77],[-7.87,0],[0,-2.285]],"v":[[-58.976,3.25],[-44.726,4.75],[-58.976,8.25],[-73.226,4.75]],"c":true}]},{"i":{"x":0.833,"y":1},"o":{"x":0.333,"y":0},"t":1662,"s":[{"i":[[-7.87,0],[0,-7.87],[7.87,0],[0,7.87]],"o":[[7.87,0],[0,7.87],[-7.87,0],[0,-7.87]],"v":[[-59,-48.25],[-44.75,-34],[-59,-19.75],[-73.25,-34]],"c":true}]},{"i":{"x":0.833,"y":1},"o":{"x":0.167,"y":0},"t":1847,"s":[{"i":[[-7.87,0],[0,-7.87],[7.87,0],[0,7.87]],"o":[[7.87,0],[0,7.87],[-7.87,0],[0,-7.87]],"v":[[-59,-48.25],[-44.75,-34],[-59,-19.75],[-73.25,-34]],"c":true}]},{"i":{"x":0.667,"y":1},"o":{"x":0.167,"y":0},"t":1855,"s":[{"i":[[-7.87,0],[-0.145,-2.772],[7.87,0],[0,4.27]],"o":[[7.87,0],[0.25,4.77],[-7.87,0],[0,-2.285]],"v":[[-59,-35.5],[-44.75,-34],[-59,-30.5],[-73.25,-34]],"c":true}]},{"i":{"x":0,"y":1},"o":{"x":0.333,"y":0},"t":1870,"s":[{"i":[[-7.87,0],[0,-7.87],[7.87,0],[0,7.87]],"o":[[7.87,0],[0,7.87],[-7.87,0],[0,-7.87]],"v":[[-59,-48.25],[-44.75,-34],[-59,-19.75],[-73.25,-34]],"c":true}]},{"t":1910,"s":[{"i":[[-7.87,0],[0,-7.87],[7.87,0],[0,7.87]],"o":[[7.87,0],[0,7.87],[-7.87,0],[0,-7.87]],"v":[[-59,-48.25],[-44.75,-34],[-59,-19.75],[-73.25,-34]],"c":true}]}],"ix":2},"nm":"Path 3","mn":"ADBE Vector Shape - Group","hd":false},{"ind":2,"ty":"sh","ix":3,"ks":{"a":1,"k":[{"i":{"x":0,"y":1},"o":{"x":0.333,"y":0},"t":62,"s":[{"i":[[2.692,-2.904],[25.185,0],[0,0],[3,1.138],[0,0],[0,0]],"o":[[-1.75,1.888],[0,0],[-25.185,0],[-6.55,-2.484],[0,0],[0,0]],"v":[[44.75,6.862],[2.299,8],[-1.5,8],[-43,7.112],[-42.226,2.615],[42.323,2.553]],"c":true}]},{"i":{"x":0.667,"y":1},"o":{"x":0.167,"y":0},"t":98,"s":[{"i":[[0,-7.353],[25.185,0],[0,0],[0,25.185],[0,0],[0,0]],"o":[[0,25.185],[0,0],[-25.185,0],[0,-6.25],[0,0],[0,0]],"v":[[47.5,0],[1.899,45.601],[-1.899,45.601],[-47.5,0],[-42.226,-7.326],[42.323,-7.447]],"c":true}]},{"i":{"x":0,"y":1},"o":{"x":0.333,"y":0},"t":423,"s":[{"i":[[0,-7.353],[25.185,0],[0,0],[0,25.185],[0,0],[0,0]],"o":[[0,25.185],[0,0],[-25.185,0],[0,-6.25],[0,0],[0,0]],"v":[[47.5,0],[1.899,45.601],[-1.899,45.601],[-47.5,0],[-42.226,-7.326],[42.323,-7.447]],"c":true}]},{"i":{"x":0.833,"y":1},"o":{"x":0.167,"y":0},"t":445,"s":[{"i":[[0.105,-5.391],[10.587,0],[0,0],[0.212,5.376],[-9.688,0.35],[-0.897,-0.01]],"o":[[-0.105,5.377],[0,0],[-10.587,0],[-0.21,-5.337],[0.896,-0.032],[9.121,0.102]],"v":[[22.77,-0.002],[3.921,-0.876],[2.324,-0.876],[-17.165,-0.002],[1.063,-8.975],[3.754,-8.977]],"c":true}]},{"i":{"x":0.27,"y":1},"o":{"x":0.167,"y":0},"t":695,"s":[{"i":[[0.105,-5.391],[10.587,0],[0,0],[0.212,5.376],[-9.688,0.35],[-0.897,-0.01]],"o":[[-0.105,5.377],[0,0],[-10.587,0],[-0.21,-5.337],[0.896,-0.032],[9.121,0.102]],"v":[[22.77,-0.002],[3.921,-0.876],[2.324,-0.876],[-17.165,-0.002],[1.063,-8.975],[3.754,-8.977]],"c":true}]},{"i":{"x":0.667,"y":1},"o":{"x":0.167,"y":0},"t":719,"s":[{"i":[[0,-7.353],[25.185,0],[0,0],[0,25.185],[0,0],[0,0]],"o":[[0,25.185],[0,0],[-25.185,0],[0,-6.25],[0,0],[0,0]],"v":[[47.5,0],[1.899,45.601],[-1.899,45.601],[-47.5,0],[-42.226,-7.326],[42.323,-7.447]],"c":true}]},{"i":{"x":0,"y":1},"o":{"x":0.333,"y":0},"t":1170,"s":[{"i":[[0,-7.353],[25.185,0],[0,0],[0,25.185],[0,0],[0,0]],"o":[[0,25.185],[0,0],[-25.185,0],[0,-6.25],[0,0],[0,0]],"v":[[47.5,0],[1.899,45.601],[-1.899,45.601],[-47.5,0],[-42.226,-7.326],[42.323,-7.447]],"c":true}]},{"i":{"x":0.833,"y":0.833},"o":{"x":0.333,"y":0},"t":1191,"s":[{"i":[[0.105,-5.391],[10.587,0],[0,0],[0.212,5.376],[-9.688,0.35],[-0.897,-0.01]],"o":[[-0.105,5.377],[0,0],[-10.587,0],[-0.21,-5.337],[0.896,-0.032],[9.121,0.102]],"v":[[22.77,-0.002],[3.921,-0.876],[2.324,-0.876],[-17.165,-0.002],[1.063,-8.975],[3.754,-8.977]],"c":true}]},{"i":{"x":0.23,"y":1},"o":{"x":0.167,"y":0.167},"t":1228,"s":[{"i":[[0.105,-5.391],[10.587,0],[0,0],[0.212,5.376],[-9.688,0.35],[-0.897,-0.01]],"o":[[-0.105,5.377],[0,0],[-10.587,0],[-0.21,-5.337],[0.896,-0.032],[9.121,0.102]],"v":[[22.77,-0.002],[3.921,-0.876],[2.324,-0.876],[-17.165,-0.002],[1.063,-8.975],[3.754,-8.977]],"c":true}]},{"i":{"x":0.833,"y":1},"o":{"x":0.167,"y":0.167},"t":1414,"s":[{"i":[[0.105,-5.391],[10.587,0],[0,0],[0.212,5.376],[-9.688,0.35],[-0.897,-0.01]],"o":[[-0.105,5.377],[0,0],[-10.587,0],[-0.21,-5.337],[0.896,-0.032],[9.121,0.102]],"v":[[22.77,-0.002],[3.921,-0.876],[2.324,-0.876],[-17.165,-0.002],[1.063,-8.975],[3.754,-8.977]],"c":true}]},{"i":{"x":0.667,"y":1},"o":{"x":0.167,"y":0},"t":1472,"s":[{"i":[[0.105,-5.391],[10.587,0],[0,0],[0.212,5.376],[-9.688,0.35],[-0.897,-0.01]],"o":[[-0.105,5.377],[0,0],[-10.587,0],[-0.21,-5.337],[0.896,-0.032],[9.121,0.102]],"v":[[22.77,-0.002],[3.921,-0.876],[2.324,-0.876],[-17.165,-0.002],[1.063,-8.975],[3.754,-8.977]],"c":true}]},{"i":{"x":0.833,"y":1},"o":{"x":0.333,"y":0},"t":1495,"s":[{"i":[[0,-7.353],[25.185,0],[0,0],[0,25.185],[0,0],[0,0]],"o":[[0,25.185],[0,0],[-25.185,0],[0,-6.25],[0,0],[0,0]],"v":[[47.5,0],[1.899,45.601],[-1.899,45.601],[-47.5,0],[-42.226,-7.326],[42.323,-7.447]],"c":true}]},{"i":{"x":0.833,"y":1},"o":{"x":0.167,"y":0},"t":1560,"s":[{"i":[[0,-7.353],[25.185,0],[0,0],[0,25.185],[0,0],[0,0]],"o":[[0,25.185],[0,0],[-25.185,0],[0,-6.25],[0,0],[0,0]],"v":[[47.5,0],[1.899,45.601],[-1.899,45.601],[-47.5,0],[-42.226,-7.326],[42.323,-7.447]],"c":true}]},{"i":{"x":0.833,"y":1},"o":{"x":0.167,"y":0},"t":1603,"s":[{"i":[[0,-7.353],[25.185,0],[0,0],[0,25.185],[0,0],[0,0]],"o":[[0,25.185],[0,0],[-25.185,0],[0,-6.25],[0,0],[0,0]],"v":[[47.5,0],[1.899,45.601],[-1.899,45.601],[-47.5,0],[-42.226,-7.326],[42.323,-7.447]],"c":true}]},{"i":{"x":0,"y":1},"o":{"x":0.167,"y":0},"t":1620,"s":[{"i":[[-0.184,-7.35],[25.185,0],[0,0],[0.25,10.992],[0,0],[0,0]],"o":[[0.25,9.992],[0,0],[-25.185,0],[-0.142,-6.248],[0,0],[0,0]],"v":[[47.549,29.25],[4.198,47.351],[0.399,47.351],[-47.451,29.25],[-42.177,21.924],[42.372,21.803]],"c":true}]},{"i":{"x":0,"y":1},"o":{"x":0.333,"y":0},"t":1662,"s":[{"i":[[-0.191,-7.35],[25.185,0],[0,0],[0.5,37.52],[0,0],[0,0]],"o":[[1,38.52],[0,0],[-25.185,0],[-0.083,-6.249],[0,0],[0,0]],"v":[[47.5,0],[1.799,58.601],[-2,58.601],[-47.5,0],[-42.226,-7.326],[42.323,-7.447]],"c":true}]},{"t":1910,"s":[{"i":[[0,-7.353],[25.185,0],[0,0],[0,25.185],[0,0],[0,0]],"o":[[0,25.185],[0,0],[-25.185,0],[0,-6.25],[0,0],[0,0]],"v":[[47.5,0],[1.899,45.601],[-1.899,45.601],[-47.5,0],[-42.226,-7.326],[42.323,-7.447]],"c":true}]}],"ix":2},"nm":"Path 1","mn":"ADBE Vector Shape - Group","hd":false},{"ty":"fl","c":{"a":1,"k":[{"i":{"x":[0],"y":[1]},"o":{"x":[0.333],"y":[0]},"t":62,"s":[0.698039233685,0.180668964982,0.241536185145,1]},{"i":{"x":[0.672],"y":[1]},"o":{"x":[0.167],"y":[0]},"t":98,"s":[0.29411765933,0.929411828518,0.870588302612,1]},{"i":{"x":[0],"y":[1]},"o":{"x":[0.333],"y":[0]},"t":423,"s":[0.29411765933,0.929411828518,0.870588302612,1]},{"i":{"x":[0],"y":[1]},"o":{"x":[0.167],"y":[0]},"t":445,"s":[0.29411765933,0.929411828518,0.870588302612,1]},{"i":{"x":[0.27],"y":[1]},"o":{"x":[0.167],"y":[0]},"t":695,"s":[0.29411765933,0.929411828518,0.870588302612,1]},{"i":{"x":[0.667],"y":[1]},"o":{"x":[0.167],"y":[0]},"t":719,"s":[0.29411765933,0.929411828518,0.870588302612,1]},{"i":{"x":[0],"y":[1]},"o":{"x":[0.333],"y":[0]},"t":1170,"s":[0.29411765933,0.929411828518,0.870588302612,1]},{"i":{"x":[0],"y":[1]},"o":{"x":[0.333],"y":[0]},"t":1191,"s":[0.29411765933,0.929411828518,0.870588302612,1]},{"i":{"x":[0.667],"y":[1]},"o":{"x":[0.167],"y":[0]},"t":1472,"s":[0.29411765933,0.929411828518,0.870588302612,1]},{"i":{"x":[0.667],"y":[1]},"o":{"x":[0.333],"y":[0]},"t":1495,"s":[0.29411765933,0.929411828518,0.870588302612,1]},{"i":{"x":[0.667],"y":[1]},"o":{"x":[0.333],"y":[0]},"t":1560,"s":[0.29411765933,0.929411828518,0.870588302612,1]},{"i":{"x":[0],"y":[1]},"o":{"x":[0.333],"y":[0]},"t":1603,"s":[0.29411765933,0.929411828518,0.870588302612,1]},{"i":{"x":[0],"y":[1]},"o":{"x":[0.333],"y":[0]},"t":1662,"s":[0.29411765933,0.929411828518,0.870588302612,1]},{"t":1910,"s":[0.29411765933,0.929411828518,0.870588302612,1]}],"ix":4},"o":{"a":0,"k":100,"ix":5},"r":1,"bm":0,"nm":"Fill 1","mn":"ADBE Vector Graphic - Fill","hd":false},{"ty":"tr","p":{"a":1,"k":[{"i":{"x":0,"y":1},"o":{"x":0.333,"y":0},"t":62,"s":[1.5,70],"to":[0,-6.333],"ti":[0,6.333]},{"i":{"x":0.672,"y":1},"o":{"x":0.167,"y":0},"t":98,"s":[1.5,32],"to":[0,-6.124],"ti":[0,0]},{"i":{"x":0,"y":1},"o":{"x":0.333,"y":0},"t":423,"s":[1.5,32],"to":[0,0],"ti":[0,0]},{"i":{"x":0,"y":0},"o":{"x":0.167,"y":0.167},"t":445,"s":[20.5,32],"to":[0,0],"ti":[0,0]},{"i":{"x":0.27,"y":1},"o":{"x":0.167,"y":0},"t":695,"s":[20.5,32],"to":[0,0],"ti":[0,-0.384]},{"i":{"x":0.667,"y":1},"o":{"x":0.167,"y":0},"t":719,"s":[1.5,31.98],"to":[0,0.013],"ti":[0,0]},{"i":{"x":0,"y":0},"o":{"x":0.333,"y":0.333},"t":1170,"s":[1.5,31.98],"to":[0,0],"ti":[0,0]},{"i":{"x":0.42,"y":0.42},"o":{"x":0.51,"y":0.51},"t":1191,"s":[1.5,31.98],"to":[0,0],"ti":[0,0]},{"i":{"x":0.42,"y":1},"o":{"x":0.44,"y":0},"t":1228,"s":[1.5,31.98],"to":[0,0],"ti":[0,0]},{"i":{"x":0.42,"y":1},"o":{"x":0.44,"y":0},"t":1251,"s":[-9.5,31.98],"to":[0,0],"ti":[0,0]},{"i":{"x":0.42,"y":1},"o":{"x":0.44,"y":0},"t":1266,"s":[12.5,31.98],"to":[0,0],"ti":[0,0]},{"i":{"x":0.42,"y":1},"o":{"x":0.44,"y":0},"t":1282,"s":[-9.5,31.98],"to":[0,0],"ti":[0,0]},{"i":{"x":0.42,"y":1},"o":{"x":0.44,"y":0},"t":1300,"s":[12.5,31.98],"to":[0,0],"ti":[0,0]},{"i":{"x":0.42,"y":1},"o":{"x":0.44,"y":0},"t":1316,"s":[-9.5,31.98],"to":[0,0],"ti":[0,0]},{"i":{"x":0.42,"y":1},"o":{"x":0.44,"y":0},"t":1332,"s":[12.5,31.98],"to":[0,0],"ti":[0,0]},{"i":{"x":0.42,"y":1},"o":{"x":0.44,"y":0},"t":1348,"s":[-9.5,31.98],"to":[0,0],"ti":[0,0]},{"i":{"x":0.42,"y":1},"o":{"x":0.44,"y":0},"t":1366,"s":[12.5,31.98],"to":[0,0],"ti":[0,0]},{"i":{"x":0.307,"y":1},"o":{"x":0.44,"y":0},"t":1387,"s":[-9.5,31.98],"to":[0,0],"ti":[0,0]},{"i":{"x":0.307,"y":0.307},"o":{"x":0.333,"y":0.333},"t":1413,"s":[1.5,31.98],"to":[0,0],"ti":[0,0]},{"i":{"x":0.667,"y":0.667},"o":{"x":0.167,"y":0.167},"t":1472,"s":[1.5,31.98],"to":[0,0],"ti":[0,0]},{"i":{"x":0.667,"y":0.667},"o":{"x":0.333,"y":0.333},"t":1495,"s":[1.5,31.98],"to":[0,0],"ti":[0,0]},{"i":{"x":0.667,"y":0.667},"o":{"x":0.333,"y":0.333},"t":1560,"s":[1.5,31.98],"to":[0,0],"ti":[0,0]},{"i":{"x":0.833,"y":0.79},"o":{"x":0.299,"y":0},"t":1603,"s":[1.5,31.98],"to":[0,0],"ti":[0,0]},{"i":{"x":0,"y":1},"o":{"x":0.167,"y":0.154},"t":1620,"s":[1.5,42.547],"to":[0,0],"ti":[0,0]},{"i":{"x":0.33,"y":1},"o":{"x":0.333,"y":0},"t":1662,"s":[1.5,6.98],"to":[0,0],"ti":[0,0]},{"i":{"x":0.33,"y":1},"o":{"x":0.333,"y":0},"t":1680,"s":[1.5,20.237],"to":[0,0],"ti":[0,0]},{"i":{"x":0.33,"y":1},"o":{"x":0.333,"y":0},"t":1697,"s":[1.5,6.98],"to":[0,0],"ti":[0,0]},{"i":{"x":0.33,"y":1},"o":{"x":0.333,"y":0},"t":1715,"s":[1.5,20.237],"to":[0,0],"ti":[0,0]},{"i":{"x":0.33,"y":1},"o":{"x":0.333,"y":0},"t":1732,"s":[1.5,6.98],"to":[0,0],"ti":[0,0]},{"i":{"x":0.33,"y":1},"o":{"x":0.333,"y":0},"t":1752,"s":[1.5,20.237],"to":[0,0],"ti":[0,0]},{"i":{"x":0.33,"y":1},"o":{"x":0.333,"y":0},"t":1774,"s":[1.5,6.98],"to":[0,0],"ti":[0,0]},{"i":{"x":0.33,"y":1},"o":{"x":0.333,"y":0},"t":1798,"s":[1.5,20.237],"to":[0,0],"ti":[0,0]},{"i":{"x":0,"y":1},"o":{"x":0.61,"y":0},"t":1824,"s":[1.5,6.98],"to":[0,0],"ti":[0,0]},{"t":1910,"s":[1.5,31.98]}],"ix":2},"a":{"a":0,"k":[0,0],"ix":1},"s":{"a":0,"k":[100,100],"ix":3},"r":{"a":1,"k":[{"i":{"x":[0],"y":[1]},"o":{"x":[0.333],"y":[0]},"t":62,"s":[0]},{"i":{"x":[0.672],"y":[1]},"o":{"x":[0.167],"y":[0]},"t":98,"s":[0]},{"i":{"x":[0],"y":[1]},"o":{"x":[0.333],"y":[0]},"t":423,"s":[0]},{"i":{"x":[0.833],"y":[1]},"o":{"x":[0.167],"y":[0]},"t":445,"s":[0]},{"i":{"x":[0.27],"y":[1]},"o":{"x":[0.167],"y":[0]},"t":695,"s":[0]},{"i":{"x":[0.667],"y":[1]},"o":{"x":[0.167],"y":[0]},"t":719,"s":[0]},{"i":{"x":[0],"y":[1]},"o":{"x":[0.333],"y":[0]},"t":1170,"s":[0]},{"i":{"x":[0.833],"y":[1]},"o":{"x":[0.333],"y":[0]},"t":1191,"s":[0]},{"i":{"x":[0.667],"y":[1]},"o":{"x":[0.167],"y":[0]},"t":1472,"s":[0]},{"i":{"x":[0.833],"y":[1]},"o":{"x":[0.333],"y":[0]},"t":1495,"s":[0]},{"i":{"x":[0.833],"y":[1]},"o":{"x":[0.167],"y":[0]},"t":1560,"s":[0]},{"i":{"x":[0],"y":[1]},"o":{"x":[0.209],"y":[0]},"t":1603,"s":[0]},{"i":{"x":[0],"y":[1]},"o":{"x":[0.333],"y":[0]},"t":1662,"s":[0]},{"t":1910,"s":[0]}],"ix":6},"o":{"a":1,"k":[{"i":{"x":[0.667],"y":[1]},"o":{"x":[0.333],"y":[0]},"t":795,"s":[100]},{"i":{"x":[0.667],"y":[1]},"o":{"x":[0.167],"y":[0]},"t":796,"s":[0]},{"i":{"x":[0.667],"y":[1]},"o":{"x":[0.333],"y":[0]},"t":1018,"s":[0]},{"i":{"x":[0.833],"y":[1]},"o":{"x":[0.167],"y":[0]},"t":1019,"s":[100]},{"i":{"x":[0.833],"y":[1]},"o":{"x":[0.167],"y":[0]},"t":1560,"s":[100]},{"i":{"x":[0],"y":[1]},"o":{"x":[0.209],"y":[0]},"t":1603,"s":[100]},{"i":{"x":[0],"y":[1]},"o":{"x":[0.333],"y":[0]},"t":1662,"s":[100]},{"t":1910,"s":[100]}],"ix":7},"sk":{"a":1,"k":[{"i":{"x":[0],"y":[1]},"o":{"x":[0.333],"y":[0]},"t":62,"s":[0]},{"i":{"x":[0.672],"y":[1]},"o":{"x":[0.167],"y":[0]},"t":98,"s":[0]},{"i":{"x":[0],"y":[1]},"o":{"x":[0.333],"y":[0]},"t":423,"s":[0]},{"i":{"x":[0.833],"y":[1]},"o":{"x":[0.167],"y":[0]},"t":445,"s":[0]},{"i":{"x":[0.27],"y":[1]},"o":{"x":[0.167],"y":[0]},"t":695,"s":[0]},{"i":{"x":[0.667],"y":[1]},"o":{"x":[0.167],"y":[0]},"t":719,"s":[0]},{"i":{"x":[0],"y":[1]},"o":{"x":[0.333],"y":[0]},"t":1170,"s":[0]},{"i":{"x":[0.833],"y":[1]},"o":{"x":[0.333],"y":[0]},"t":1191,"s":[0]},{"i":{"x":[0.667],"y":[1]},"o":{"x":[0.167],"y":[0]},"t":1472,"s":[0]},{"i":{"x":[0.833],"y":[1]},"o":{"x":[0.333],"y":[0]},"t":1495,"s":[0]},{"i":{"x":[0.833],"y":[1]},"o":{"x":[0.167],"y":[0]},"t":1560,"s":[0]},{"i":{"x":[0],"y":[1]},"o":{"x":[0.209],"y":[0]},"t":1603,"s":[0]},{"i":{"x":[0],"y":[1]},"o":{"x":[0.333],"y":[0]},"t":1662,"s":[0]},{"t":1910,"s":[0]}],"ix":4},"sa":{"a":0,"k":0,"ix":5},"nm":"Transform"}],"nm":"Rectangle 4","np":4,"cix":2,"bm":0,"ix":3,"mn":"ADBE Vector Group","hd":false},{"ty":"gr","it":[{"ty":"rc","d":1,"s":{"a":0,"k":[328,270],"ix":2},"p":{"a":0,"k":[0,0],"ix":3},"r":{"a":0,"k":87,"ix":4},"nm":"Rectangle Path 1","mn":"ADBE Vector Shape - Rect","hd":false},{"ty":"fl","c":{"a":0,"k":[0.211764723063,0.223529428244,0.290196090937,1],"ix":4},"o":{"a":0,"k":100,"ix":5},"r":1,"bm":0,"nm":"Fill 1","mn":"ADBE Vector Graphic - Fill","hd":false},{"ty":"tr","p":{"a":0,"k":[-2,15],"ix":2},"a":{"a":0,"k":[0,0],"ix":1},"s":{"a":0,"k":[100,100],"ix":3},"r":{"a":0,"k":0,"ix":6},"o":{"a":0,"k":100,"ix":7},"sk":{"a":0,"k":0,"ix":4},"sa":{"a":0,"k":0,"ix":5},"nm":"Transform"}],"nm":"Rectangle 5","np":2,"cix":2,"bm":0,"ix":4,"mn":"ADBE Vector Group","hd":false},{"ty":"gr","it":[{"ty":"rc","d":1,"s":{"a":0,"k":[35,35],"ix":2},"p":{"a":0,"k":[-172,-184],"ix":3},"r":{"a":0,"k":87,"ix":4},"nm":"Rectangle Path 2","mn":"ADBE Vector Shape - Rect","hd":false},{"ty":"rc","d":1,"s":{"a":0,"k":[35,35],"ix":2},"p":{"a":0,"k":[172,-184],"ix":3},"r":{"a":0,"k":87,"ix":4},"nm":"Rectangle Path 4","mn":"ADBE Vector Shape - Rect","hd":false},{"ty":"fl","c":{"a":0,"k":[0.754371404648,0.758915841579,0.772549033165,1],"ix":4},"o":{"a":0,"k":100,"ix":5},"r":1,"bm":0,"nm":"Fill 2","mn":"ADBE Vector Graphic - Fill","hd":false},{"ty":"rc","d":1,"s":{"a":0,"k":[14,238.018],"ix":2},"p":{"a":0,"k":[-172,-70],"ix":3},"r":{"a":0,"k":87,"ix":4},"nm":"Rectangle Path 1","mn":"ADBE Vector Shape - Rect","hd":false},{"ty":"rc","d":1,"s":{"a":0,"k":[14,238.018],"ix":2},"p":{"a":0,"k":[172,-70],"ix":3},"r":{"a":0,"k":87,"ix":4},"nm":"Rectangle Path 3","mn":"ADBE Vector Shape - Rect","hd":false},{"ty":"fl","c":{"a":0,"k":[0.929411828518,0.937254965305,0.92156869173,1],"ix":4},"o":{"a":0,"k":100,"ix":5},"r":1,"bm":0,"nm":"Fill 1","mn":"ADBE Vector Graphic - Fill","hd":false},{"ty":"tr","p":{"a":0,"k":[-2,15],"ix":2},"a":{"a":0,"k":[0,0],"ix":1},"s":{"a":0,"k":[100,100],"ix":3},"r":{"a":0,"k":0,"ix":6},"o":{"a":0,"k":100,"ix":7},"sk":{"a":0,"k":0,"ix":4},"sa":{"a":0,"k":0,"ix":5},"nm":"Transform"}],"nm":"Rectangle 1","np":6,"cix":2,"bm":0,"ix":5,"mn":"ADBE Vector Group","hd":false},{"ty":"tr","p":{"a":1,"k":[{"i":{"x":0,"y":1},"o":{"x":0.333,"y":0},"t":62,"s":[0,134],"to":[0,-2.667],"ti":[0,0]},{"i":{"x":0,"y":0},"o":{"x":0.167,"y":0.167},"t":98,"s":[0,118],"to":[0,0],"ti":[0,0]},{"i":{"x":0.274,"y":1},"o":{"x":0.363,"y":0},"t":226,"s":[0,118],"to":[0,0],"ti":[0,0]},{"i":{"x":0.553,"y":1},"o":{"x":0.234,"y":0},"t":236.545,"s":[0,129],"to":[0,0],"ti":[0,0]},{"i":{"x":0.678,"y":0.678},"o":{"x":0.167,"y":0.167},"t":259,"s":[0,118],"to":[0,0],"ti":[0,0]},{"i":{"x":0,"y":1},"o":{"x":0.333,"y":0},"t":423,"s":[0,118],"to":[0,0],"ti":[0,0]},{"i":{"x":0,"y":0},"o":{"x":0.167,"y":0.167},"t":445,"s":[10,118],"to":[0,0],"ti":[0,0]},{"i":{"x":0.27,"y":1},"o":{"x":0.167,"y":0},"t":695,"s":[10,118],"to":[0,0],"ti":[0,0]},{"i":{"x":0.27,"y":0.27},"o":{"x":0.167,"y":0.167},"t":719,"s":[0,118],"to":[0,0],"ti":[0,0]},{"i":{"x":0.42,"y":0.42},"o":{"x":0.333,"y":0.333},"t":1191,"s":[0,118],"to":[0,0],"ti":[0,0]},{"i":{"x":0.42,"y":1},"o":{"x":0.44,"y":0},"t":1228,"s":[0,118],"to":[0,0],"ti":[0,0]},{"i":{"x":0.42,"y":1},"o":{"x":0.44,"y":0},"t":1251,"s":[-8,118],"to":[0,0],"ti":[0,0]},{"i":{"x":0.42,"y":1},"o":{"x":0.44,"y":0},"t":1266,"s":[8,118],"to":[0,0],"ti":[0,0]},{"i":{"x":0.42,"y":1},"o":{"x":0.44,"y":0},"t":1282,"s":[-8,118],"to":[0,0],"ti":[0,0]},{"i":{"x":0.42,"y":1},"o":{"x":0.44,"y":0},"t":1300,"s":[8,118],"to":[0,0],"ti":[0,0]},{"i":{"x":0.42,"y":1},"o":{"x":0.44,"y":0},"t":1316,"s":[-8,118],"to":[0,0],"ti":[0,0]},{"i":{"x":0.42,"y":1},"o":{"x":0.44,"y":0},"t":1332,"s":[8,118],"to":[0,0],"ti":[0,0]},{"i":{"x":0.42,"y":1},"o":{"x":0.44,"y":0},"t":1348,"s":[-8,118],"to":[0,0],"ti":[0,0]},{"i":{"x":0.42,"y":1},"o":{"x":0.44,"y":0},"t":1366,"s":[8,118],"to":[0,0],"ti":[0,0]},{"i":{"x":0.42,"y":1},"o":{"x":0.44,"y":0},"t":1387,"s":[-8,118],"to":[0,0],"ti":[0,0]},{"i":{"x":0.44,"y":0.44},"o":{"x":0.44,"y":0.44},"t":1413,"s":[0,118],"to":[0,0],"ti":[0,0]},{"i":{"x":0.44,"y":0.44},"o":{"x":0.167,"y":0.167},"t":1485,"s":[0,118],"to":[0,0],"ti":[0,0]},{"i":{"x":0.44,"y":0.44},"o":{"x":0.167,"y":0.167},"t":1560,"s":[0,118],"to":[0,0],"ti":[0,0]},{"i":{"x":0.833,"y":0.894},"o":{"x":0.312,"y":0},"t":1603,"s":[0,118],"to":[0,0],"ti":[0,0]},{"i":{"x":0,"y":1},"o":{"x":0.167,"y":0.218},"t":1620,"s":[0,148.461],"to":[0,0],"ti":[0,0]},{"i":{"x":0.33,"y":1},"o":{"x":0.352,"y":0},"t":1662,"s":[0,112],"to":[0,0],"ti":[0,0]},{"i":{"x":0.33,"y":1},"o":{"x":0.333,"y":0},"t":1680,"s":[0,123.344],"to":[0,0],"ti":[0,0]},{"i":{"x":0.33,"y":1},"o":{"x":0.333,"y":0},"t":1697,"s":[0,112],"to":[0,0],"ti":[0,0]},{"i":{"x":0.33,"y":1},"o":{"x":0.333,"y":0},"t":1714,"s":[0,123.344],"to":[0,0],"ti":[0,0]},{"i":{"x":0.33,"y":1},"o":{"x":0.333,"y":0},"t":1732,"s":[0,112],"to":[0,0],"ti":[0,0]},{"i":{"x":0.33,"y":1},"o":{"x":0.333,"y":0},"t":1751,"s":[0,123.344],"to":[0,0],"ti":[0,0]},{"i":{"x":0.33,"y":1},"o":{"x":0.333,"y":0},"t":1774,"s":[0,112],"to":[0,0],"ti":[0,0]},{"i":{"x":0.33,"y":1},"o":{"x":0.333,"y":0},"t":1797,"s":[0,123.344],"to":[0,0],"ti":[0,0]},{"i":{"x":0,"y":1},"o":{"x":0.61,"y":0},"t":1824,"s":[0,112],"to":[0,0],"ti":[0,0]},{"t":1910,"s":[0,118]}],"ix":2},"a":{"a":0,"k":[0,118],"ix":1},"s":{"a":0,"k":[100,100],"ix":3},"r":{"a":1,"k":[{"i":{"x":[0],"y":[1]},"o":{"x":[0.333],"y":[0]},"t":62,"s":[0]},{"i":{"x":[0.672],"y":[1]},"o":{"x":[0.167],"y":[0]},"t":98,"s":[0]},{"i":{"x":[0],"y":[1]},"o":{"x":[0.333],"y":[0]},"t":423,"s":[0]},{"i":{"x":[0.833],"y":[1]},"o":{"x":[0.167],"y":[0]},"t":445,"s":[0]},{"i":{"x":[0.27],"y":[1]},"o":{"x":[0.167],"y":[0]},"t":695,"s":[0]},{"i":{"x":[0.833],"y":[1]},"o":{"x":[0.167],"y":[0]},"t":719,"s":[0]},{"i":{"x":[0.833],"y":[1]},"o":{"x":[0.167],"y":[0]},"t":1191,"s":[0]},{"i":{"x":[0.833],"y":[1]},"o":{"x":[0.167],"y":[0]},"t":1485,"s":[0]},{"i":{"x":[0.833],"y":[1]},"o":{"x":[0.167],"y":[0]},"t":1560,"s":[0]},{"i":{"x":[0],"y":[1]},"o":{"x":[0.209],"y":[0]},"t":1603,"s":[0]},{"i":{"x":[0],"y":[1]},"o":{"x":[0.333],"y":[0]},"t":1662,"s":[0]},{"t":1910,"s":[0]}],"ix":6},"o":{"a":0,"k":100,"ix":7},"sk":{"a":0,"k":0,"ix":4},"sa":{"a":0,"k":0,"ix":5},"nm":"Transform"}],"nm":"Group 1","np":5,"cix":2,"bm":0,"ix":1,"mn":"ADBE Vector Group","hd":false},{"ty":"gr","it":[{"ty":"rc","d":1,"s":{"a":0,"k":[426,93.018],"ix":2},"p":{"a":1,"k":[{"i":{"x":0,"y":0},"o":{"x":0.333,"y":0.333},"t":62,"s":[0,0],"to":[0,0],"ti":[0,0]},{"i":{"x":0.672,"y":0.672},"o":{"x":0.167,"y":0.167},"t":98,"s":[0,0],"to":[0,0],"ti":[0,0]},{"i":{"x":0,"y":0},"o":{"x":0.333,"y":0.333},"t":423,"s":[0,0],"to":[0,0],"ti":[0,0]},{"i":{"x":0,"y":0},"o":{"x":0.167,"y":0.167},"t":445,"s":[0,0],"to":[0,0],"ti":[0,0]},{"i":{"x":0.27,"y":0.27},"o":{"x":0.167,"y":0.167},"t":695,"s":[0,0],"to":[0,0],"ti":[0,0]},{"i":{"x":0.27,"y":0.27},"o":{"x":0.167,"y":0.167},"t":719,"s":[0,0],"to":[0,0],"ti":[0,0]},{"i":{"x":0.27,"y":0.27},"o":{"x":0.167,"y":0.167},"t":1191,"s":[0,0],"to":[0,0],"ti":[0,0]},{"i":{"x":0.27,"y":0.27},"o":{"x":0.167,"y":0.167},"t":1485,"s":[0,0],"to":[0,0],"ti":[0,0]},{"i":{"x":0.27,"y":0.27},"o":{"x":0.167,"y":0.167},"t":1560,"s":[0,0],"to":[0,0],"ti":[0,0]},{"i":{"x":0,"y":0},"o":{"x":0.32,"y":0.32},"t":1603,"s":[0,0],"to":[0,0],"ti":[0,0]},{"i":{"x":0,"y":0},"o":{"x":0.333,"y":0.333},"t":1662,"s":[0,0],"to":[0,0],"ti":[0,0]},{"t":1910,"s":[0,0]}],"ix":3},"r":{"a":0,"k":87,"ix":4},"nm":"Rectangle Path 1","mn":"ADBE Vector Shape - Rect","hd":false},{"ty":"rc","d":1,"s":{"a":0,"k":[200,175.018],"ix":2},"p":{"a":1,"k":[{"i":{"x":0,"y":0},"o":{"x":0.333,"y":0.333},"t":62,"s":[0,101],"to":[0,0],"ti":[0,0]},{"i":{"x":0.672,"y":0.672},"o":{"x":0.167,"y":0.167},"t":98,"s":[0,101],"to":[0,0],"ti":[0,0]},{"i":{"x":0,"y":0},"o":{"x":0.333,"y":0.333},"t":423,"s":[0,101],"to":[0,0],"ti":[0,0]},{"i":{"x":0,"y":0},"o":{"x":0.167,"y":0.167},"t":445,"s":[0,101],"to":[0,0],"ti":[0,0]},{"i":{"x":0.27,"y":0.27},"o":{"x":0.167,"y":0.167},"t":695,"s":[0,101],"to":[0,0],"ti":[0,0]},{"i":{"x":0.27,"y":0.27},"o":{"x":0.167,"y":0.167},"t":719,"s":[0,101],"to":[0,0],"ti":[0,0]},{"i":{"x":0.27,"y":0.27},"o":{"x":0.167,"y":0.167},"t":1191,"s":[0,101],"to":[0,0],"ti":[0,0]},{"i":{"x":0.27,"y":0.27},"o":{"x":0.167,"y":0.167},"t":1485,"s":[0,101],"to":[0,0],"ti":[0,0]},{"i":{"x":0.27,"y":0.27},"o":{"x":0.167,"y":0.167},"t":1560,"s":[0,101],"to":[0,0],"ti":[0,0]},{"i":{"x":0,"y":0},"o":{"x":0.32,"y":0.32},"t":1603,"s":[0,101],"to":[0,0],"ti":[0,0]},{"i":{"x":0,"y":0},"o":{"x":0.333,"y":0.333},"t":1662,"s":[0,101],"to":[0,0],"ti":[0,0]},{"t":1910,"s":[0,101]}],"ix":3},"r":{"a":0,"k":87,"ix":4},"nm":"Rectangle Path 2","mn":"ADBE Vector Shape - Rect","hd":false},{"ty":"fl","c":{"a":0,"k":[0.754371404648,0.758915841579,0.772549033165,1],"ix":4},"o":{"a":0,"k":100,"ix":5},"r":1,"bm":0,"nm":"Fill 1","mn":"ADBE Vector Graphic - Fill","hd":false},{"ty":"tr","p":{"a":0,"k":[-2,15],"ix":2},"a":{"a":0,"k":[0,0],"ix":1},"s":{"a":0,"k":[100,100],"ix":3},"r":{"a":0,"k":0,"ix":6},"o":{"a":0,"k":100,"ix":7},"sk":{"a":0,"k":0,"ix":4},"sa":{"a":0,"k":0,"ix":5},"nm":"Transform"}],"nm":"Rectangle 6","np":3,"cix":2,"bm":0,"ix":2,"mn":"ADBE Vector Group","hd":false}],"ip":0,"op":12391,"st":0,"bm":0},{"ddd":0,"ind":3,"ty":4,"nm":"Shape Layer 1","sr":1,"ks":{"o":{"a":0,"k":100,"ix":11},"r":{"a":0,"k":0,"ix":10},"p":{"a":0,"k":[500,500,0],"ix":2},"a":{"a":0,"k":[0,0,0],"ix":1},"s":{"a":0,"k":[100,100,100],"ix":6}},"ao":0,"shapes":[{"ty":"gr","it":[{"ty":"rc","d":1,"s":{"a":0,"k":[200,252.018],"ix":2},"p":{"a":0,"k":[0,264],"ix":3},"r":{"a":0,"k":191,"ix":4},"nm":"Rectangle Path 2","mn":"ADBE Vector Shape - Rect","hd":false},{"ty":"fl","c":{"a":0,"k":[0.843983113766,0.852595150471,0.878431379795,1],"ix":4},"o":{"a":0,"k":100,"ix":5},"r":1,"bm":0,"nm":"Fill 1","mn":"ADBE Vector Graphic - Fill","hd":false},{"ty":"tr","p":{"a":0,"k":[-2,15],"ix":2},"a":{"a":0,"k":[0,0],"ix":1},"s":{"a":0,"k":[100,100],"ix":3},"r":{"a":0,"k":0,"ix":6},"o":{"a":0,"k":100,"ix":7},"sk":{"a":0,"k":0,"ix":4},"sa":{"a":0,"k":0,"ix":5},"nm":"Transform"}],"nm":"Rectangle 2","np":2,"cix":2,"bm":0,"ix":1,"mn":"ADBE Vector Group","hd":false},{"ty":"gr","it":[{"ty":"rc","d":1,"s":{"a":0,"k":[300,298.018],"ix":2},"p":{"a":0,"k":[0,281],"ix":3},"r":{"a":0,"k":191,"ix":4},"nm":"Rectangle Path 2","mn":"ADBE Vector Shape - Rect","hd":false},{"ty":"fl","c":{"a":0,"k":[1,1,1,1],"ix":4},"o":{"a":0,"k":100,"ix":5},"r":1,"bm":0,"nm":"Fill 1","mn":"ADBE Vector Graphic - Fill","hd":false},{"ty":"tr","p":{"a":0,"k":[-2,15],"ix":2},"a":{"a":0,"k":[0,0],"ix":1},"s":{"a":0,"k":[100,100],"ix":3},"r":{"a":0,"k":0,"ix":6},"o":{"a":0,"k":100,"ix":7},"sk":{"a":0,"k":0,"ix":4},"sa":{"a":0,"k":0,"ix":5},"nm":"Transform"}],"nm":"Rectangle 1","np":2,"cix":2,"bm":0,"ix":2,"mn":"ADBE Vector Group","hd":false}],"ip":0,"op":12391,"st":0,"bm":0}]}],"fonts":{"list":[{"origin":1,"fPath":"","fClass":"","fFamily":"Segoe UI","fWeight":"","fStyle":"Bold","fName":"SegoeUI-Bold","ascent":78.0723145231605}]},"layers":[{"ddd":0,"ind":1,"ty":5,"nm":"HI!","parent":2,"sr":1,"ks":{"o":{"a":1,"k":[{"i":{"x":[0.667],"y":[1]},"o":{"x":[0.333],"y":[0]},"t":290,"s":[100]},{"t":306,"s":[0]}],"ix":11},"r":{"a":0,"k":0,"ix":10},"p":{"a":0,"k":[349,-54,0],"ix":2},"a":{"a":0,"k":[0,0,0],"ix":1},"s":{"a":0,"k":[100,100,100],"ix":6}},"ao":0,"t":{"d":{"k":[{"s":{"s":85,"f":"SegoeUI-Bold","t":"HI!","j":2,"tr":0,"lh":102,"ls":0,"fc":[0.988,0.988,0.988]},"t":0}]},"p":{},"m":{"g":1,"a":{"a":0,"k":[0,0],"ix":2}},"a":[]},"ip":79,"op":318,"st":79,"bm":0},{"ddd":0,"ind":2,"ty":4,"nm":"Shape Layer 3","sr":1,"ks":{"o":{"a":1,"k":[{"i":{"x":[0.667],"y":[1]},"o":{"x":[0.333],"y":[0]},"t":290,"s":[100]},{"t":306,"s":[0]}],"ix":11},"r":{"a":0,"k":0,"ix":10},"p":{"a":0,"k":[723.5,523.25,0],"ix":2},"a":{"a":0,"k":[223.5,23.25,0],"ix":1},"s":{"a":1,"k":[{"i":{"x":[0.424,0.424,0.667],"y":[1,1,1]},"o":{"x":[0.167,0.167,0.167],"y":[0.167,0.167,16.763]},"t":79,"s":[0,0,100]},{"i":{"x":[0.667,0.667,0.667],"y":[1,1,1]},"o":{"x":[0.333,0.333,0.333],"y":[0,0,0]},"t":88,"s":[104.344,104.344,100]},{"i":{"x":[0.361,0.361,0.667],"y":[1,1,1]},"o":{"x":[0.333,0.333,0.333],"y":[0,0,0]},"t":99,"s":[97.615,97.615,100]},{"i":{"x":[0.833,0.833,0.833],"y":[1,1,1]},"o":{"x":[0.167,0.167,0.167],"y":[0,0,0]},"t":114,"s":[100,100,100]},{"i":{"x":[0.833,0.833,0.833],"y":[0.833,0.833,1]},"o":{"x":[0.167,0.167,0.167],"y":[0,0,0]},"t":290,"s":[100,100,100]},{"t":325,"s":[0,0,100]}],"ix":6}},"ao":0,"shapes":[{"ty":"gr","it":[{"ty":"rc","d":1,"s":{"a":0,"k":[293,159],"ix":2},"p":{"a":0,"k":[0,0],"ix":3},"r":{"a":0,"k":34,"ix":4},"nm":"Rectangle Path 1","mn":"ADBE Vector Shape - Rect","hd":false},{"ind":1,"ty":"sh","ix":2,"ks":{"a":0,"k":{"i":[[0,0],[0,0],[0,0]],"o":[[0,0],[0,0],[0,0]],"v":[[24.25,21.25],[-123.25,108],[-39.5,-5.5]],"c":true},"ix":2},"nm":"Path 1","mn":"ADBE Vector Shape - Group","hd":false},{"ty":"fl","c":{"a":0,"k":[0.227450995352,0.223529426724,0.290196078431,1],"ix":4},"o":{"a":0,"k":100,"ix":5},"r":1,"bm":0,"nm":"Fill 1","mn":"ADBE Vector Graphic - Fill","hd":false},{"ty":"tr","p":{"a":0,"k":[346.5,-83.5],"ix":2},"a":{"a":0,"k":[0,0],"ix":1},"s":{"a":0,"k":[100,100],"ix":3},"r":{"a":0,"k":0,"ix":6},"o":{"a":0,"k":100,"ix":7},"sk":{"a":0,"k":0,"ix":4},"sa":{"a":0,"k":0,"ix":5},"nm":"Transform"}],"nm":"Rectangle 1","np":3,"cix":2,"bm":0,"ix":1,"mn":"ADBE Vector Group","hd":false}],"ip":79,"op":319,"st":79,"bm":0},{"ddd":0,"ind":3,"ty":4,"nm":"Shape Layer 4","parent":5,"td":1,"sr":1,"ks":{"o":{"a":0,"k":100,"ix":11},"r":{"a":0,"k":0,"ix":10},"p":{"a":0,"k":[8,-24,0],"ix":2},"a":{"a":0,"k":[8,-24,0],"ix":1},"s":{"a":0,"k":[100,100,100],"ix":6}},"ao":0,"shapes":[{"ty":"gr","it":[{"d":1,"ty":"el","s":{"a":0,"k":[656,656],"ix":2},"p":{"a":0,"k":[0,0],"ix":3},"nm":"Ellipse Path 1","mn":"ADBE Vector Shape - Ellipse","hd":false},{"ty":"fl","c":{"a":0,"k":[0.992156922583,0.737254901961,0.090196078431,1],"ix":4},"o":{"a":0,"k":100,"ix":5},"r":1,"bm":0,"nm":"Fill 1","mn":"ADBE Vector Graphic - Fill","hd":false},{"ty":"tr","p":{"a":0,"k":[8,-24],"ix":2},"a":{"a":0,"k":[0,0],"ix":1},"s":{"a":0,"k":[100,100],"ix":3},"r":{"a":0,"k":0,"ix":6},"o":{"a":0,"k":100,"ix":7},"sk":{"a":0,"k":0,"ix":4},"sa":{"a":0,"k":0,"ix":5},"nm":"Transform"}],"nm":"Ellipse 1","np":2,"cix":2,"bm":0,"ix":1,"mn":"ADBE Vector Group","hd":false}],"ip":0,"op":366,"st":0,"bm":0},{"ddd":0,"ind":4,"ty":0,"nm":"boat","tt":1,"refId":"comp_0","sr":1,"ks":{"o":{"a":0,"k":100,"ix":11},"r":{"a":0,"k":0,"ix":10},"p":{"a":0,"k":[500,500,0],"ix":2},"a":{"a":0,"k":[500,500,0],"ix":1},"s":{"a":0,"k":[100,100,100],"ix":6}},"ao":0,"tm":{"a":1,"k":[{"i":{"x":[0.833],"y":[0.833]},"o":{"x":[0.167],"y":[0.167]},"t":0,"s":[0]},{"i":{"x":[0.833],"y":[0.833]},"o":{"x":[0.167],"y":[0.167]},"t":100,"s":[1.667]},{"t":273,"s":[4.55],"h":1},{"i":{"x":[0.833],"y":[0.833]},"o":{"x":[0.37],"y":[0]},"t":274,"s":[1.667]},{"i":{"x":[0.833],"y":[0.833]},"o":{"x":[0.167],"y":[0.167]},"t":360,"s":[0.175]},{"t":1360,"s":[22.667]}],"ix":2},"w":1000,"h":1000,"ip":0,"op":366,"st":0,"bm":0},{"ddd":0,"ind":5,"ty":4,"nm":"Shape Layer 1","sr":1,"ks":{"o":{"a":0,"k":100,"ix":11},"r":{"a":0,"k":0,"ix":10},"p":{"a":0,"k":[500,500,0],"ix":2},"a":{"a":0,"k":[8,-24,0],"ix":1},"s":{"a":0,"k":[100,100,100],"ix":6}},"ao":0,"shapes":[{"ty":"gr","it":[{"d":1,"ty":"el","s":{"a":0,"k":[656,656],"ix":2},"p":{"a":0,"k":[0,0],"ix":3},"nm":"Ellipse Path 1","mn":"ADBE Vector Shape - Ellipse","hd":false},{"ty":"fl","c":{"a":0,"k":[0.992156922583,0.737254901961,0.090196078431,1],"ix":4},"o":{"a":0,"k":100,"ix":5},"r":1,"bm":0,"nm":"Fill 1","mn":"ADBE Vector Graphic - Fill","hd":false},{"ty":"tr","p":{"a":0,"k":[8,-24],"ix":2},"a":{"a":0,"k":[0,0],"ix":1},"s":{"a":0,"k":[100,100],"ix":3},"r":{"a":0,"k":0,"ix":6},"o":{"a":0,"k":100,"ix":7},"sk":{"a":0,"k":0,"ix":4},"sa":{"a":0,"k":0,"ix":5},"nm":"Transform"}],"nm":"Ellipse 1","np":2,"cix":2,"bm":0,"ix":1,"mn":"ADBE Vector Group","hd":false}],"ip":0,"op":366,"st":0,"bm":0}],"markers":[]}